2025-08-11T21:07:19.747+09:00  INFO 5476 --- [main] c.b.SmartFridge.SmartFridgeApplication   : Starting SmartFridgeApplication using Java 17.0.15 with PID 5476 (C:\Users\Playdata\Desktop\중간프로젝트\be16-2nd-5team-SmartFridge-BE\build\classes\java\main started by Playdata in C:\Users\Playdata\Desktop\중간프로젝트\be16-2nd-5team-SmartFridge-BE)
2025-08-11T21:07:19.752+09:00  INFO 5476 --- [main] c.b.SmartFridge.SmartFridgeApplication   : The following 1 profile is active: "prob"
2025-08-11T21:07:20.791+09:00  INFO 5476 --- [main] .s.d.r.c.RepositoryConfigurationDelegate : Multiple Spring Data modules found, entering strict repository configuration mode
2025-08-11T21:07:20.792+09:00  INFO 5476 --- [main] .s.d.r.c.RepositoryConfigurationDelegate : Bootstrapping Spring Data JDBC repositories in DEFAULT mode.
2025-08-11T21:07:20.834+09:00  INFO 5476 --- [main] .RepositoryConfigurationExtensionSupport : Spring Data JDBC - Could not safely identify store assignment for repository candidate interface com.be16_2nd.SmartFridge.food.repository.FoodRepository; If you want this repository to be a JDBC repository, consider annotating your entities with one of these annotations: org.springframework.data.relational.core.mapping.Table.
2025-08-11T21:07:20.836+09:00  INFO 5476 --- [main] .RepositoryConfigurationExtensionSupport : Spring Data JDBC - Could not safely identify store assignment for repository candidate interface com.be16_2nd.SmartFridge.fridge.repository.FridgeMemberRepository; If you want this repository to be a JDBC repository, consider annotating your entities with one of these annotations: org.springframework.data.relational.core.mapping.Table.
2025-08-11T21:07:20.837+09:00  INFO 5476 --- [main] .RepositoryConfigurationExtensionSupport : Spring Data JDBC - Could not safely identify store assignment for repository candidate interface com.be16_2nd.SmartFridge.fridge.repository.FridgeRepository; If you want this repository to be a JDBC repository, consider annotating your entities with one of these annotations: org.springframework.data.relational.core.mapping.Table.
2025-08-11T21:07:20.838+09:00  INFO 5476 --- [main] .RepositoryConfigurationExtensionSupport : Spring Data JDBC - Could not safely identify store assignment for repository candidate interface com.be16_2nd.SmartFridge.inquiryComment.repository.InquiryCommentRepository; If you want this repository to be a JDBC repository, consider annotating your entities with one of these annotations: org.springframework.data.relational.core.mapping.Table.
2025-08-11T21:07:20.839+09:00  INFO 5476 --- [main] .RepositoryConfigurationExtensionSupport : Spring Data JDBC - Could not safely identify store assignment for repository candidate interface com.be16_2nd.SmartFridge.inquiry.repository.InquiryRepository; If you want this repository to be a JDBC repository, consider annotating your entities with one of these annotations: org.springframework.data.relational.core.mapping.Table.
2025-08-11T21:07:20.842+09:00  INFO 5476 --- [main] .RepositoryConfigurationExtensionSupport : Spring Data JDBC - Could not safely identify store assignment for repository candidate interface com.be16_2nd.SmartFridge.member.repository.MemberRepository; If you want this repository to be a JDBC repository, consider annotating your entities with one of these annotations: org.springframework.data.relational.core.mapping.Table.
2025-08-11T21:07:20.844+09:00  INFO 5476 --- [main] .RepositoryConfigurationExtensionSupport : Spring Data JDBC - Could not safely identify store assignment for repository candidate interface com.be16_2nd.SmartFridge.notification.repository.NotificationRepository; If you want this repository to be a JDBC repository, consider annotating your entities with one of these annotations: org.springframework.data.relational.core.mapping.Table.
2025-08-11T21:07:20.846+09:00  INFO 5476 --- [main] .RepositoryConfigurationExtensionSupport : Spring Data JDBC - Could not safely identify store assignment for repository candidate interface com.be16_2nd.SmartFridge.Post.repository.PostCategoryRepository; If you want this repository to be a JDBC repository, consider annotating your entities with one of these annotations: org.springframework.data.relational.core.mapping.Table.
2025-08-11T21:07:20.847+09:00  INFO 5476 --- [main] .RepositoryConfigurationExtensionSupport : Spring Data JDBC - Could not safely identify store assignment for repository candidate interface com.be16_2nd.SmartFridge.Post.repository.PostCommentRepository; If you want this repository to be a JDBC repository, consider annotating your entities with one of these annotations: org.springframework.data.relational.core.mapping.Table.
2025-08-11T21:07:20.849+09:00  INFO 5476 --- [main] .RepositoryConfigurationExtensionSupport : Spring Data JDBC - Could not safely identify store assignment for repository candidate interface com.be16_2nd.SmartFridge.Post.repository.PostImageRepository; If you want this repository to be a JDBC repository, consider annotating your entities with one of these annotations: org.springframework.data.relational.core.mapping.Table.
2025-08-11T21:07:20.850+09:00  INFO 5476 --- [main] .RepositoryConfigurationExtensionSupport : Spring Data JDBC - Could not safely identify store assignment for repository candidate interface com.be16_2nd.SmartFridge.Post.repository.PostRepository; If you want this repository to be a JDBC repository, consider annotating your entities with one of these annotations: org.springframework.data.relational.core.mapping.Table.
2025-08-11T21:07:20.851+09:00  INFO 5476 --- [main] .s.d.r.c.RepositoryConfigurationDelegate : Finished Spring Data repository scanning in 52 ms. Found 0 JDBC repository interfaces.
2025-08-11T21:07:20.865+09:00  INFO 5476 --- [main] .s.d.r.c.RepositoryConfigurationDelegate : Multiple Spring Data modules found, entering strict repository configuration mode
2025-08-11T21:07:20.866+09:00  INFO 5476 --- [main] .s.d.r.c.RepositoryConfigurationDelegate : Bootstrapping Spring Data JPA repositories in DEFAULT mode.
2025-08-11T21:07:21.015+09:00  INFO 5476 --- [main] .s.d.r.c.RepositoryConfigurationDelegate : Finished Spring Data repository scanning in 145 ms. Found 11 JPA repository interfaces.
2025-08-11T21:07:21.032+09:00  INFO 5476 --- [main] .s.d.r.c.RepositoryConfigurationDelegate : Multiple Spring Data modules found, entering strict repository configuration mode
2025-08-11T21:07:21.033+09:00  INFO 5476 --- [main] .s.d.r.c.RepositoryConfigurationDelegate : Bootstrapping Spring Data Redis repositories in DEFAULT mode.
2025-08-11T21:07:21.063+09:00  INFO 5476 --- [main] .RepositoryConfigurationExtensionSupport : Spring Data Redis - Could not safely identify store assignment for repository candidate interface com.be16_2nd.SmartFridge.food.repository.FoodRepository; If you want this repository to be a Redis repository, consider annotating your entities with one of these annotations: org.springframework.data.redis.core.RedisHash (preferred), or consider extending one of the following types with your repository: org.springframework.data.keyvalue.repository.KeyValueRepository
2025-08-11T21:07:21.063+09:00  INFO 5476 --- [main] .RepositoryConfigurationExtensionSupport : Spring Data Redis - Could not safely identify store assignment for repository candidate interface com.be16_2nd.SmartFridge.fridge.repository.FridgeMemberRepository; If you want this repository to be a Redis repository, consider annotating your entities with one of these annotations: org.springframework.data.redis.core.RedisHash (preferred), or consider extending one of the following types with your repository: org.springframework.data.keyvalue.repository.KeyValueRepository
2025-08-11T21:07:21.063+09:00  INFO 5476 --- [main] .RepositoryConfigurationExtensionSupport : Spring Data Redis - Could not safely identify store assignment for repository candidate interface com.be16_2nd.SmartFridge.fridge.repository.FridgeRepository; If you want this repository to be a Redis repository, consider annotating your entities with one of these annotations: org.springframework.data.redis.core.RedisHash (preferred), or consider extending one of the following types with your repository: org.springframework.data.keyvalue.repository.KeyValueRepository
2025-08-11T21:07:21.063+09:00  INFO 5476 --- [main] .RepositoryConfigurationExtensionSupport : Spring Data Redis - Could not safely identify store assignment for repository candidate interface com.be16_2nd.SmartFridge.inquiryComment.repository.InquiryCommentRepository; If you want this repository to be a Redis repository, consider annotating your entities with one of these annotations: org.springframework.data.redis.core.RedisHash (preferred), or consider extending one of the following types with your repository: org.springframework.data.keyvalue.repository.KeyValueRepository
2025-08-11T21:07:21.064+09:00  INFO 5476 --- [main] .RepositoryConfigurationExtensionSupport : Spring Data Redis - Could not safely identify store assignment for repository candidate interface com.be16_2nd.SmartFridge.inquiry.repository.InquiryRepository; If you want this repository to be a Redis repository, consider annotating your entities with one of these annotations: org.springframework.data.redis.core.RedisHash (preferred), or consider extending one of the following types with your repository: org.springframework.data.keyvalue.repository.KeyValueRepository
2025-08-11T21:07:21.064+09:00  INFO 5476 --- [main] .RepositoryConfigurationExtensionSupport : Spring Data Redis - Could not safely identify store assignment for repository candidate interface com.be16_2nd.SmartFridge.member.repository.MemberRepository; If you want this repository to be a Redis repository, consider annotating your entities with one of these annotations: org.springframework.data.redis.core.RedisHash (preferred), or consider extending one of the following types with your repository: org.springframework.data.keyvalue.repository.KeyValueRepository
2025-08-11T21:07:21.064+09:00  INFO 5476 --- [main] .RepositoryConfigurationExtensionSupport : Spring Data Redis - Could not safely identify store assignment for repository candidate interface com.be16_2nd.SmartFridge.notification.repository.NotificationRepository; If you want this repository to be a Redis repository, consider annotating your entities with one of these annotations: org.springframework.data.redis.core.RedisHash (preferred), or consider extending one of the following types with your repository: org.springframework.data.keyvalue.repository.KeyValueRepository
2025-08-11T21:07:21.064+09:00  INFO 5476 --- [main] .RepositoryConfigurationExtensionSupport : Spring Data Redis - Could not safely identify store assignment for repository candidate interface com.be16_2nd.SmartFridge.Post.repository.PostCategoryRepository; If you want this repository to be a Redis repository, consider annotating your entities with one of these annotations: org.springframework.data.redis.core.RedisHash (preferred), or consider extending one of the following types with your repository: org.springframework.data.keyvalue.repository.KeyValueRepository
2025-08-11T21:07:21.065+09:00  INFO 5476 --- [main] .RepositoryConfigurationExtensionSupport : Spring Data Redis - Could not safely identify store assignment for repository candidate interface com.be16_2nd.SmartFridge.Post.repository.PostCommentRepository; If you want this repository to be a Redis repository, consider annotating your entities with one of these annotations: org.springframework.data.redis.core.RedisHash (preferred), or consider extending one of the following types with your repository: org.springframework.data.keyvalue.repository.KeyValueRepository
2025-08-11T21:07:21.065+09:00  INFO 5476 --- [main] .RepositoryConfigurationExtensionSupport : Spring Data Redis - Could not safely identify store assignment for repository candidate interface com.be16_2nd.SmartFridge.Post.repository.PostImageRepository; If you want this repository to be a Redis repository, consider annotating your entities with one of these annotations: org.springframework.data.redis.core.RedisHash (preferred), or consider extending one of the following types with your repository: org.springframework.data.keyvalue.repository.KeyValueRepository
2025-08-11T21:07:21.065+09:00  INFO 5476 --- [main] .RepositoryConfigurationExtensionSupport : Spring Data Redis - Could not safely identify store assignment for repository candidate interface com.be16_2nd.SmartFridge.Post.repository.PostRepository; If you want this repository to be a Redis repository, consider annotating your entities with one of these annotations: org.springframework.data.redis.core.RedisHash (preferred), or consider extending one of the following types with your repository: org.springframework.data.keyvalue.repository.KeyValueRepository
2025-08-11T21:07:21.065+09:00  INFO 5476 --- [main] .s.d.r.c.RepositoryConfigurationDelegate : Finished Spring Data repository scanning in 23 ms. Found 0 Redis repository interfaces.
2025-08-11T21:07:21.677+09:00  INFO 5476 --- [main] o.s.b.w.embedded.tomcat.TomcatWebServer  : Tomcat initialized with port 8080 (http)
2025-08-11T21:07:21.687+09:00  INFO 5476 --- [main] o.apache.catalina.core.StandardService   : Starting service [Tomcat]
2025-08-11T21:07:21.687+09:00  INFO 5476 --- [main] o.apache.catalina.core.StandardEngine    : Starting Servlet engine: [Apache Tomcat/10.1.42]
2025-08-11T21:07:21.744+09:00  INFO 5476 --- [main] o.a.c.c.C.[Tomcat].[localhost].[/]       : Initializing Spring embedded WebApplicationContext
2025-08-11T21:07:21.744+09:00  INFO 5476 --- [main] w.s.c.ServletWebServerApplicationContext : Root WebApplicationContext: initialization completed in 1941 ms
2025-08-11T21:07:21.913+09:00  INFO 5476 --- [main] o.hibernate.jpa.internal.util.LogHelper  : HHH000204: Processing PersistenceUnitInfo [name: default]
2025-08-11T21:07:21.955+09:00  INFO 5476 --- [main] org.hibernate.Version                    : HHH000412: Hibernate ORM core version 6.6.18.Final
2025-08-11T21:07:21.981+09:00  INFO 5476 --- [main] o.h.c.internal.RegionFactoryInitiator    : HHH000026: Second-level cache disabled
2025-08-11T21:07:22.262+09:00  INFO 5476 --- [main] o.s.o.j.p.SpringPersistenceUnitInfo      : No LoadTimeWeaver setup: ignoring JPA class transformer
2025-08-11T21:07:22.286+09:00  INFO 5476 --- [main] com.zaxxer.hikari.HikariDataSource       : HikariPool-1 - Starting...
2025-08-11T21:07:22.360+09:00  INFO 5476 --- [main] com.zaxxer.hikari.pool.HikariPool        : HikariPool-1 - Added connection org.mariadb.jdbc.Connection@2548fc01
2025-08-11T21:07:22.361+09:00  INFO 5476 --- [main] com.zaxxer.hikari.HikariDataSource       : HikariPool-1 - Start completed.
2025-08-11T21:07:22.384+09:00  WARN 5476 --- [main] org.hibernate.orm.deprecation            : HHH90000025: MariaDBDialect does not need to be specified explicitly using 'hibernate.dialect' (remove the property setting and it will be selected by default)
2025-08-11T21:07:22.400+09:00  INFO 5476 --- [main] org.hibernate.orm.connections.pooling    : HHH10001005: Database info:
	Database JDBC URL [Connecting through datasource 'HikariDataSource (HikariPool-1)']
	Database driver: undefined/unknown
	Database version: 11.8.2
	Autocommit mode: undefined/unknown
	Isolation level: undefined/unknown
	Minimum pool size: undefined/unknown
	Maximum pool size: undefined/unknown
2025-08-11T21:07:23.495+09:00  INFO 5476 --- [main] o.h.e.t.j.p.i.JtaPlatformInitiator       : HHH000489: No JTA platform available (set 'hibernate.transaction.jta.platform' to enable JTA platform integration)
2025-08-11T21:07:24.383+09:00  INFO 5476 --- [main] j.LocalContainerEntityManagerFactoryBean : Initialized JPA EntityManagerFactory for persistence unit 'default'
2025-08-11T21:07:25.718+09:00  WARN 5476 --- [main] JpaBaseConfiguration$JpaWebConfiguration : spring.jpa.open-in-view is enabled by default. Therefore, database queries may be performed during view rendering. Explicitly configure spring.jpa.open-in-view to disable this warning
2025-08-11T21:07:25.750+09:00  WARN 5476 --- [main] .s.s.UserDetailsServiceAutoConfiguration : 

Using generated security password: 12066b7a-03c6-4be9-b7fd-b0b730366cf1

This generated password is for development use only. Your security configuration must be updated before running your application in production.

2025-08-11T21:07:25.757+09:00  INFO 5476 --- [main] r$InitializeUserDetailsManagerConfigurer : Global AuthenticationManager configured with UserDetailsService bean with name inMemoryUserDetailsManager
2025-08-11T21:07:25.815+09:00  WARN 5476 --- [main] thorizationManagerRequestMatcherRegistry : One of the patterns in [/member/create, member/doLogin] is missing a leading slash. This is discouraged; please include the leading slash in all your request matcher patterns. In future versions of Spring Security, leaving out the leading slash will result in an exception.
2025-08-11T21:07:26.093+09:00  WARN 5476 --- [main] ion$DefaultTemplateResolverConfiguration : Cannot find template location: classpath:/templates/ (please add some templates, check your Thymeleaf configuration, or set spring.thymeleaf.check-template-location=false)
2025-08-11T21:07:26.435+09:00  INFO 5476 --- [main] o.s.b.w.embedded.tomcat.TomcatWebServer  : Tomcat started on port 8080 (http) with context path '/'
2025-08-11T21:07:26.873+09:00  INFO 5476 --- [main] c.b.SmartFridge.SmartFridgeApplication   : Started SmartFridgeApplication in 8.192 seconds (process running for 9.27)
2025-08-11T21:07:48.692+09:00  INFO 5476 --- [http-nio-8080-exec-4] o.a.c.c.C.[Tomcat].[localhost].[/]       : Initializing Spring DispatcherServlet 'dispatcherServlet'
2025-08-11T21:07:48.692+09:00  INFO 5476 --- [http-nio-8080-exec-4] o.s.web.servlet.DispatcherServlet        : Initializing Servlet 'dispatcherServlet'
2025-08-11T21:07:48.693+09:00  INFO 5476 --- [http-nio-8080-exec-4] o.s.web.servlet.DispatcherServlet        : Completed initialization in 1 ms
2025-08-11T21:08:01.302+09:00 ERROR 5476 --- [http-nio-8080-exec-3] c.b.S.c.service.CommonExceptionHandler   : Required request parameter 'code' for method parameter type String is not present
2025-08-11T21:20:40.165+09:00  INFO 5476 --- [SpringApplicationShutdownHook] o.s.b.w.e.tomcat.GracefulShutdown        : Commencing graceful shutdown. Waiting for active requests to complete
2025-08-11T21:20:40.421+09:00  INFO 5476 --- [tomcat-shutdown] o.s.b.w.e.tomcat.GracefulShutdown        : Graceful shutdown complete
2025-08-11T21:20:40.669+09:00  INFO 5476 --- [SpringApplicationShutdownHook] j.LocalContainerEntityManagerFactoryBean : Closing JPA EntityManagerFactory for persistence unit 'default'
2025-08-11T21:20:40.671+09:00  INFO 5476 --- [SpringApplicationShutdownHook] com.zaxxer.hikari.HikariDataSource       : HikariPool-1 - Shutdown initiated...
2025-08-11T21:20:40.677+09:00  INFO 5476 --- [SpringApplicationShutdownHook] com.zaxxer.hikari.HikariDataSource       : HikariPool-1 - Shutdown completed.
2025-08-12T18:12:29.447+09:00  INFO 14044 --- [main] c.b.SmartFridge.SmartFridgeApplication   : Starting SmartFridgeApplication using Java 17.0.15 with PID 14044 (C:\Users\Playdata\Desktop\중간프로젝트\be16-2nd-5team-SmartFridge-BE\build\classes\java\main started by Playdata in C:\Users\Playdata\Desktop\중간프로젝트\be16-2nd-5team-SmartFridge-BE)
2025-08-12T18:12:29.463+09:00  INFO 14044 --- [main] c.b.SmartFridge.SmartFridgeApplication   : The following 1 profile is active: "prod"
2025-08-12T18:12:30.696+09:00  INFO 14044 --- [main] .s.d.r.c.RepositoryConfigurationDelegate : Multiple Spring Data modules found, entering strict repository configuration mode
2025-08-12T18:12:30.698+09:00  INFO 14044 --- [main] .s.d.r.c.RepositoryConfigurationDelegate : Bootstrapping Spring Data JDBC repositories in DEFAULT mode.
2025-08-12T18:12:30.749+09:00  INFO 14044 --- [main] .RepositoryConfigurationExtensionSupport : Spring Data JDBC - Could not safely identify store assignment for repository candidate interface com.be16_2nd.SmartFridge.food.repository.FoodRepository; If you want this repository to be a JDBC repository, consider annotating your entities with one of these annotations: org.springframework.data.relational.core.mapping.Table.
2025-08-12T18:12:30.751+09:00  INFO 14044 --- [main] .RepositoryConfigurationExtensionSupport : Spring Data JDBC - Could not safely identify store assignment for repository candidate interface com.be16_2nd.SmartFridge.fridge.repository.FridgeMemberRepository; If you want this repository to be a JDBC repository, consider annotating your entities with one of these annotations: org.springframework.data.relational.core.mapping.Table.
2025-08-12T18:12:30.754+09:00  INFO 14044 --- [main] .RepositoryConfigurationExtensionSupport : Spring Data JDBC - Could not safely identify store assignment for repository candidate interface com.be16_2nd.SmartFridge.fridge.repository.FridgeRepository; If you want this repository to be a JDBC repository, consider annotating your entities with one of these annotations: org.springframework.data.relational.core.mapping.Table.
2025-08-12T18:12:30.757+09:00  INFO 14044 --- [main] .RepositoryConfigurationExtensionSupport : Spring Data JDBC - Could not safely identify store assignment for repository candidate interface com.be16_2nd.SmartFridge.inquiryComment.repository.InquiryCommentRepository; If you want this repository to be a JDBC repository, consider annotating your entities with one of these annotations: org.springframework.data.relational.core.mapping.Table.
2025-08-12T18:12:30.758+09:00  INFO 14044 --- [main] .RepositoryConfigurationExtensionSupport : Spring Data JDBC - Could not safely identify store assignment for repository candidate interface com.be16_2nd.SmartFridge.inquiry.repository.InquiryRepository; If you want this repository to be a JDBC repository, consider annotating your entities with one of these annotations: org.springframework.data.relational.core.mapping.Table.
2025-08-12T18:12:30.760+09:00  INFO 14044 --- [main] .RepositoryConfigurationExtensionSupport : Spring Data JDBC - Could not safely identify store assignment for repository candidate interface com.be16_2nd.SmartFridge.member.repository.MemberRepository; If you want this repository to be a JDBC repository, consider annotating your entities with one of these annotations: org.springframework.data.relational.core.mapping.Table.
2025-08-12T18:12:30.761+09:00  INFO 14044 --- [main] .RepositoryConfigurationExtensionSupport : Spring Data JDBC - Could not safely identify store assignment for repository candidate interface com.be16_2nd.SmartFridge.notification.repository.NotificationRepository; If you want this repository to be a JDBC repository, consider annotating your entities with one of these annotations: org.springframework.data.relational.core.mapping.Table.
2025-08-12T18:12:30.765+09:00  INFO 14044 --- [main] .RepositoryConfigurationExtensionSupport : Spring Data JDBC - Could not safely identify store assignment for repository candidate interface com.be16_2nd.SmartFridge.Post.repository.PostCategoryRepository; If you want this repository to be a JDBC repository, consider annotating your entities with one of these annotations: org.springframework.data.relational.core.mapping.Table.
2025-08-12T18:12:30.767+09:00  INFO 14044 --- [main] .RepositoryConfigurationExtensionSupport : Spring Data JDBC - Could not safely identify store assignment for repository candidate interface com.be16_2nd.SmartFridge.Post.repository.PostCommentRepository; If you want this repository to be a JDBC repository, consider annotating your entities with one of these annotations: org.springframework.data.relational.core.mapping.Table.
2025-08-12T18:12:30.769+09:00  INFO 14044 --- [main] .RepositoryConfigurationExtensionSupport : Spring Data JDBC - Could not safely identify store assignment for repository candidate interface com.be16_2nd.SmartFridge.Post.repository.PostImageRepository; If you want this repository to be a JDBC repository, consider annotating your entities with one of these annotations: org.springframework.data.relational.core.mapping.Table.
2025-08-12T18:12:30.772+09:00  INFO 14044 --- [main] .RepositoryConfigurationExtensionSupport : Spring Data JDBC - Could not safely identify store assignment for repository candidate interface com.be16_2nd.SmartFridge.Post.repository.PostRepository; If you want this repository to be a JDBC repository, consider annotating your entities with one of these annotations: org.springframework.data.relational.core.mapping.Table.
2025-08-12T18:12:30.773+09:00  INFO 14044 --- [main] .s.d.r.c.RepositoryConfigurationDelegate : Finished Spring Data repository scanning in 68 ms. Found 0 JDBC repository interfaces.
2025-08-12T18:12:30.785+09:00  INFO 14044 --- [main] .s.d.r.c.RepositoryConfigurationDelegate : Multiple Spring Data modules found, entering strict repository configuration mode
2025-08-12T18:12:30.785+09:00  INFO 14044 --- [main] .s.d.r.c.RepositoryConfigurationDelegate : Bootstrapping Spring Data JPA repositories in DEFAULT mode.
2025-08-12T18:12:30.995+09:00  INFO 14044 --- [main] .s.d.r.c.RepositoryConfigurationDelegate : Finished Spring Data repository scanning in 203 ms. Found 11 JPA repository interfaces.
2025-08-12T18:12:31.020+09:00  INFO 14044 --- [main] .s.d.r.c.RepositoryConfigurationDelegate : Multiple Spring Data modules found, entering strict repository configuration mode
2025-08-12T18:12:31.023+09:00  INFO 14044 --- [main] .s.d.r.c.RepositoryConfigurationDelegate : Bootstrapping Spring Data Redis repositories in DEFAULT mode.
2025-08-12T18:12:31.047+09:00  INFO 14044 --- [main] .RepositoryConfigurationExtensionSupport : Spring Data Redis - Could not safely identify store assignment for repository candidate interface com.be16_2nd.SmartFridge.food.repository.FoodRepository; If you want this repository to be a Redis repository, consider annotating your entities with one of these annotations: org.springframework.data.redis.core.RedisHash (preferred), or consider extending one of the following types with your repository: org.springframework.data.keyvalue.repository.KeyValueRepository
2025-08-12T18:12:31.047+09:00  INFO 14044 --- [main] .RepositoryConfigurationExtensionSupport : Spring Data Redis - Could not safely identify store assignment for repository candidate interface com.be16_2nd.SmartFridge.fridge.repository.FridgeMemberRepository; If you want this repository to be a Redis repository, consider annotating your entities with one of these annotations: org.springframework.data.redis.core.RedisHash (preferred), or consider extending one of the following types with your repository: org.springframework.data.keyvalue.repository.KeyValueRepository
2025-08-12T18:12:31.047+09:00  INFO 14044 --- [main] .RepositoryConfigurationExtensionSupport : Spring Data Redis - Could not safely identify store assignment for repository candidate interface com.be16_2nd.SmartFridge.fridge.repository.FridgeRepository; If you want this repository to be a Redis repository, consider annotating your entities with one of these annotations: org.springframework.data.redis.core.RedisHash (preferred), or consider extending one of the following types with your repository: org.springframework.data.keyvalue.repository.KeyValueRepository
2025-08-12T18:12:31.047+09:00  INFO 14044 --- [main] .RepositoryConfigurationExtensionSupport : Spring Data Redis - Could not safely identify store assignment for repository candidate interface com.be16_2nd.SmartFridge.inquiryComment.repository.InquiryCommentRepository; If you want this repository to be a Redis repository, consider annotating your entities with one of these annotations: org.springframework.data.redis.core.RedisHash (preferred), or consider extending one of the following types with your repository: org.springframework.data.keyvalue.repository.KeyValueRepository
2025-08-12T18:12:31.048+09:00  INFO 14044 --- [main] .RepositoryConfigurationExtensionSupport : Spring Data Redis - Could not safely identify store assignment for repository candidate interface com.be16_2nd.SmartFridge.inquiry.repository.InquiryRepository; If you want this repository to be a Redis repository, consider annotating your entities with one of these annotations: org.springframework.data.redis.core.RedisHash (preferred), or consider extending one of the following types with your repository: org.springframework.data.keyvalue.repository.KeyValueRepository
2025-08-12T18:12:31.048+09:00  INFO 14044 --- [main] .RepositoryConfigurationExtensionSupport : Spring Data Redis - Could not safely identify store assignment for repository candidate interface com.be16_2nd.SmartFridge.member.repository.MemberRepository; If you want this repository to be a Redis repository, consider annotating your entities with one of these annotations: org.springframework.data.redis.core.RedisHash (preferred), or consider extending one of the following types with your repository: org.springframework.data.keyvalue.repository.KeyValueRepository
2025-08-12T18:12:31.048+09:00  INFO 14044 --- [main] .RepositoryConfigurationExtensionSupport : Spring Data Redis - Could not safely identify store assignment for repository candidate interface com.be16_2nd.SmartFridge.notification.repository.NotificationRepository; If you want this repository to be a Redis repository, consider annotating your entities with one of these annotations: org.springframework.data.redis.core.RedisHash (preferred), or consider extending one of the following types with your repository: org.springframework.data.keyvalue.repository.KeyValueRepository
2025-08-12T18:12:31.049+09:00  INFO 14044 --- [main] .RepositoryConfigurationExtensionSupport : Spring Data Redis - Could not safely identify store assignment for repository candidate interface com.be16_2nd.SmartFridge.Post.repository.PostCategoryRepository; If you want this repository to be a Redis repository, consider annotating your entities with one of these annotations: org.springframework.data.redis.core.RedisHash (preferred), or consider extending one of the following types with your repository: org.springframework.data.keyvalue.repository.KeyValueRepository
2025-08-12T18:12:31.049+09:00  INFO 14044 --- [main] .RepositoryConfigurationExtensionSupport : Spring Data Redis - Could not safely identify store assignment for repository candidate interface com.be16_2nd.SmartFridge.Post.repository.PostCommentRepository; If you want this repository to be a Redis repository, consider annotating your entities with one of these annotations: org.springframework.data.redis.core.RedisHash (preferred), or consider extending one of the following types with your repository: org.springframework.data.keyvalue.repository.KeyValueRepository
2025-08-12T18:12:31.049+09:00  INFO 14044 --- [main] .RepositoryConfigurationExtensionSupport : Spring Data Redis - Could not safely identify store assignment for repository candidate interface com.be16_2nd.SmartFridge.Post.repository.PostImageRepository; If you want this repository to be a Redis repository, consider annotating your entities with one of these annotations: org.springframework.data.redis.core.RedisHash (preferred), or consider extending one of the following types with your repository: org.springframework.data.keyvalue.repository.KeyValueRepository
2025-08-12T18:12:31.049+09:00  INFO 14044 --- [main] .RepositoryConfigurationExtensionSupport : Spring Data Redis - Could not safely identify store assignment for repository candidate interface com.be16_2nd.SmartFridge.Post.repository.PostRepository; If you want this repository to be a Redis repository, consider annotating your entities with one of these annotations: org.springframework.data.redis.core.RedisHash (preferred), or consider extending one of the following types with your repository: org.springframework.data.keyvalue.repository.KeyValueRepository
2025-08-12T18:12:31.050+09:00  INFO 14044 --- [main] .s.d.r.c.RepositoryConfigurationDelegate : Finished Spring Data repository scanning in 15 ms. Found 0 Redis repository interfaces.
2025-08-12T18:12:31.798+09:00  INFO 14044 --- [main] o.s.b.w.embedded.tomcat.TomcatWebServer  : Tomcat initialized with port 8080 (http)
2025-08-12T18:12:31.812+09:00  INFO 14044 --- [main] o.apache.catalina.core.StandardService   : Starting service [Tomcat]
2025-08-12T18:12:31.813+09:00  INFO 14044 --- [main] o.apache.catalina.core.StandardEngine    : Starting Servlet engine: [Apache Tomcat/10.1.42]
2025-08-12T18:12:31.892+09:00  INFO 14044 --- [main] o.a.c.c.C.[Tomcat].[localhost].[/]       : Initializing Spring embedded WebApplicationContext
2025-08-12T18:12:31.893+09:00  INFO 14044 --- [main] w.s.c.ServletWebServerApplicationContext : Root WebApplicationContext: initialization completed in 2359 ms
2025-08-12T18:12:32.185+09:00  INFO 14044 --- [main] o.hibernate.jpa.internal.util.LogHelper  : HHH000204: Processing PersistenceUnitInfo [name: default]
2025-08-12T18:12:32.311+09:00  INFO 14044 --- [main] org.hibernate.Version                    : HHH000412: Hibernate ORM core version 6.6.18.Final
2025-08-12T18:12:32.383+09:00  INFO 14044 --- [main] o.h.c.internal.RegionFactoryInitiator    : HHH000026: Second-level cache disabled
2025-08-12T18:12:32.875+09:00  INFO 14044 --- [main] o.s.o.j.p.SpringPersistenceUnitInfo      : No LoadTimeWeaver setup: ignoring JPA class transformer
2025-08-12T18:12:32.928+09:00  INFO 14044 --- [main] com.zaxxer.hikari.HikariDataSource       : HikariPool-1 - Starting...
2025-08-12T18:12:33.074+09:00  INFO 14044 --- [main] com.zaxxer.hikari.pool.HikariPool        : HikariPool-1 - Added connection org.mariadb.jdbc.Connection@24e2355c
2025-08-12T18:12:33.075+09:00  INFO 14044 --- [main] com.zaxxer.hikari.HikariDataSource       : HikariPool-1 - Start completed.
2025-08-12T18:12:33.147+09:00  WARN 14044 --- [main] org.hibernate.orm.deprecation            : HHH90000025: MariaDBDialect does not need to be specified explicitly using 'hibernate.dialect' (remove the property setting and it will be selected by default)
2025-08-12T18:12:33.181+09:00  INFO 14044 --- [main] org.hibernate.orm.connections.pooling    : HHH10001005: Database info:
	Database JDBC URL [Connecting through datasource 'HikariDataSource (HikariPool-1)']
	Database driver: undefined/unknown
	Database version: 11.8.2
	Autocommit mode: undefined/unknown
	Isolation level: undefined/unknown
	Minimum pool size: undefined/unknown
	Maximum pool size: undefined/unknown
2025-08-12T18:12:35.124+09:00  INFO 14044 --- [main] o.h.e.t.j.p.i.JtaPlatformInitiator       : HHH000489: No JTA platform available (set 'hibernate.transaction.jta.platform' to enable JTA platform integration)
2025-08-12T18:12:36.694+09:00  INFO 14044 --- [main] j.LocalContainerEntityManagerFactoryBean : Initialized JPA EntityManagerFactory for persistence unit 'default'
2025-08-12T18:12:38.982+09:00  WARN 14044 --- [main] JpaBaseConfiguration$JpaWebConfiguration : spring.jpa.open-in-view is enabled by default. Therefore, database queries may be performed during view rendering. Explicitly configure spring.jpa.open-in-view to disable this warning
2025-08-12T18:12:39.031+09:00  WARN 14044 --- [main] .s.s.UserDetailsServiceAutoConfiguration : 

Using generated security password: f95d126d-8e2f-4332-be0d-7e2cdf24aeda

This generated password is for development use only. Your security configuration must be updated before running your application in production.

2025-08-12T18:12:39.041+09:00  INFO 14044 --- [main] r$InitializeUserDetailsManagerConfigurer : Global AuthenticationManager configured with UserDetailsService bean with name inMemoryUserDetailsManager
2025-08-12T18:12:39.195+09:00  WARN 14044 --- [main] thorizationManagerRequestMatcherRegistry : One of the patterns in [/member/create, member/doLogin] is missing a leading slash. This is discouraged; please include the leading slash in all your request matcher patterns. In future versions of Spring Security, leaving out the leading slash will result in an exception.
2025-08-12T18:12:39.688+09:00  WARN 14044 --- [main] ion$DefaultTemplateResolverConfiguration : Cannot find template location: classpath:/templates/ (please add some templates, check your Thymeleaf configuration, or set spring.thymeleaf.check-template-location=false)
2025-08-12T18:12:40.125+09:00  INFO 14044 --- [main] o.s.b.w.embedded.tomcat.TomcatWebServer  : Tomcat started on port 8080 (http) with context path '/'
2025-08-12T18:12:40.801+09:00  INFO 14044 --- [main] c.b.SmartFridge.SmartFridgeApplication   : Started SmartFridgeApplication in 12.284 seconds (process running for 13.242)
2025-08-12T18:13:17.113+09:00  INFO 14044 --- [http-nio-8080-exec-9] o.a.c.c.C.[Tomcat].[localhost].[/]       : Initializing Spring DispatcherServlet 'dispatcherServlet'
2025-08-12T18:13:17.114+09:00  INFO 14044 --- [http-nio-8080-exec-9] o.s.web.servlet.DispatcherServlet        : Initializing Servlet 'dispatcherServlet'
2025-08-12T18:13:17.117+09:00  INFO 14044 --- [http-nio-8080-exec-9] o.s.web.servlet.DispatcherServlet        : Completed initialization in 3 ms
2025-08-12T18:15:01.990+09:00  INFO 14044 --- [SpringApplicationShutdownHook] o.s.b.w.e.tomcat.GracefulShutdown        : Commencing graceful shutdown. Waiting for active requests to complete
2025-08-12T18:15:02.285+09:00  INFO 14044 --- [tomcat-shutdown] o.s.b.w.e.tomcat.GracefulShutdown        : Graceful shutdown complete
2025-08-12T18:15:02.569+09:00  INFO 14044 --- [SpringApplicationShutdownHook] j.LocalContainerEntityManagerFactoryBean : Closing JPA EntityManagerFactory for persistence unit 'default'
2025-08-12T18:15:02.575+09:00  INFO 14044 --- [SpringApplicationShutdownHook] com.zaxxer.hikari.HikariDataSource       : HikariPool-1 - Shutdown initiated...
2025-08-12T18:15:02.583+09:00  INFO 14044 --- [SpringApplicationShutdownHook] com.zaxxer.hikari.HikariDataSource       : HikariPool-1 - Shutdown completed.
2025-08-12T18:15:10.807+09:00  INFO 23060 --- [main] c.b.SmartFridge.SmartFridgeApplication   : Starting SmartFridgeApplication using Java 17.0.15 with PID 23060 (C:\Users\Playdata\Desktop\중간프로젝트\be16-2nd-5team-SmartFridge-BE\build\classes\java\main started by Playdata in C:\Users\Playdata\Desktop\중간프로젝트\be16-2nd-5team-SmartFridge-BE)
2025-08-12T18:15:10.810+09:00  INFO 23060 --- [main] c.b.SmartFridge.SmartFridgeApplication   : The following 1 profile is active: "prod"
2025-08-12T18:15:11.856+09:00  INFO 23060 --- [main] .s.d.r.c.RepositoryConfigurationDelegate : Multiple Spring Data modules found, entering strict repository configuration mode
2025-08-12T18:15:11.858+09:00  INFO 23060 --- [main] .s.d.r.c.RepositoryConfigurationDelegate : Bootstrapping Spring Data JDBC repositories in DEFAULT mode.
2025-08-12T18:15:11.915+09:00  INFO 23060 --- [main] .RepositoryConfigurationExtensionSupport : Spring Data JDBC - Could not safely identify store assignment for repository candidate interface com.be16_2nd.SmartFridge.food.repository.FoodRepository; If you want this repository to be a JDBC repository, consider annotating your entities with one of these annotations: org.springframework.data.relational.core.mapping.Table.
2025-08-12T18:15:11.918+09:00  INFO 23060 --- [main] .RepositoryConfigurationExtensionSupport : Spring Data JDBC - Could not safely identify store assignment for repository candidate interface com.be16_2nd.SmartFridge.fridge.repository.FridgeMemberRepository; If you want this repository to be a JDBC repository, consider annotating your entities with one of these annotations: org.springframework.data.relational.core.mapping.Table.
2025-08-12T18:15:11.920+09:00  INFO 23060 --- [main] .RepositoryConfigurationExtensionSupport : Spring Data JDBC - Could not safely identify store assignment for repository candidate interface com.be16_2nd.SmartFridge.fridge.repository.FridgeRepository; If you want this repository to be a JDBC repository, consider annotating your entities with one of these annotations: org.springframework.data.relational.core.mapping.Table.
2025-08-12T18:15:11.921+09:00  INFO 23060 --- [main] .RepositoryConfigurationExtensionSupport : Spring Data JDBC - Could not safely identify store assignment for repository candidate interface com.be16_2nd.SmartFridge.inquiryComment.repository.InquiryCommentRepository; If you want this repository to be a JDBC repository, consider annotating your entities with one of these annotations: org.springframework.data.relational.core.mapping.Table.
2025-08-12T18:15:11.923+09:00  INFO 23060 --- [main] .RepositoryConfigurationExtensionSupport : Spring Data JDBC - Could not safely identify store assignment for repository candidate interface com.be16_2nd.SmartFridge.inquiry.repository.InquiryRepository; If you want this repository to be a JDBC repository, consider annotating your entities with one of these annotations: org.springframework.data.relational.core.mapping.Table.
2025-08-12T18:15:11.926+09:00  INFO 23060 --- [main] .RepositoryConfigurationExtensionSupport : Spring Data JDBC - Could not safely identify store assignment for repository candidate interface com.be16_2nd.SmartFridge.member.repository.MemberRepository; If you want this repository to be a JDBC repository, consider annotating your entities with one of these annotations: org.springframework.data.relational.core.mapping.Table.
2025-08-12T18:15:11.928+09:00  INFO 23060 --- [main] .RepositoryConfigurationExtensionSupport : Spring Data JDBC - Could not safely identify store assignment for repository candidate interface com.be16_2nd.SmartFridge.notification.repository.NotificationRepository; If you want this repository to be a JDBC repository, consider annotating your entities with one of these annotations: org.springframework.data.relational.core.mapping.Table.
2025-08-12T18:15:11.931+09:00  INFO 23060 --- [main] .RepositoryConfigurationExtensionSupport : Spring Data JDBC - Could not safely identify store assignment for repository candidate interface com.be16_2nd.SmartFridge.Post.repository.PostCategoryRepository; If you want this repository to be a JDBC repository, consider annotating your entities with one of these annotations: org.springframework.data.relational.core.mapping.Table.
2025-08-12T18:15:11.935+09:00  INFO 23060 --- [main] .RepositoryConfigurationExtensionSupport : Spring Data JDBC - Could not safely identify store assignment for repository candidate interface com.be16_2nd.SmartFridge.Post.repository.PostCommentRepository; If you want this repository to be a JDBC repository, consider annotating your entities with one of these annotations: org.springframework.data.relational.core.mapping.Table.
2025-08-12T18:15:11.938+09:00  INFO 23060 --- [main] .RepositoryConfigurationExtensionSupport : Spring Data JDBC - Could not safely identify store assignment for repository candidate interface com.be16_2nd.SmartFridge.Post.repository.PostImageRepository; If you want this repository to be a JDBC repository, consider annotating your entities with one of these annotations: org.springframework.data.relational.core.mapping.Table.
2025-08-12T18:15:11.941+09:00  INFO 23060 --- [main] .RepositoryConfigurationExtensionSupport : Spring Data JDBC - Could not safely identify store assignment for repository candidate interface com.be16_2nd.SmartFridge.Post.repository.PostRepository; If you want this repository to be a JDBC repository, consider annotating your entities with one of these annotations: org.springframework.data.relational.core.mapping.Table.
2025-08-12T18:15:11.942+09:00  INFO 23060 --- [main] .s.d.r.c.RepositoryConfigurationDelegate : Finished Spring Data repository scanning in 75 ms. Found 0 JDBC repository interfaces.
2025-08-12T18:15:11.955+09:00  INFO 23060 --- [main] .s.d.r.c.RepositoryConfigurationDelegate : Multiple Spring Data modules found, entering strict repository configuration mode
2025-08-12T18:15:11.956+09:00  INFO 23060 --- [main] .s.d.r.c.RepositoryConfigurationDelegate : Bootstrapping Spring Data JPA repositories in DEFAULT mode.
2025-08-12T18:15:12.144+09:00  INFO 23060 --- [main] .s.d.r.c.RepositoryConfigurationDelegate : Finished Spring Data repository scanning in 181 ms. Found 11 JPA repository interfaces.
2025-08-12T18:15:12.166+09:00  INFO 23060 --- [main] .s.d.r.c.RepositoryConfigurationDelegate : Multiple Spring Data modules found, entering strict repository configuration mode
2025-08-12T18:15:12.168+09:00  INFO 23060 --- [main] .s.d.r.c.RepositoryConfigurationDelegate : Bootstrapping Spring Data Redis repositories in DEFAULT mode.
2025-08-12T18:15:12.199+09:00  INFO 23060 --- [main] .RepositoryConfigurationExtensionSupport : Spring Data Redis - Could not safely identify store assignment for repository candidate interface com.be16_2nd.SmartFridge.food.repository.FoodRepository; If you want this repository to be a Redis repository, consider annotating your entities with one of these annotations: org.springframework.data.redis.core.RedisHash (preferred), or consider extending one of the following types with your repository: org.springframework.data.keyvalue.repository.KeyValueRepository
2025-08-12T18:15:12.199+09:00  INFO 23060 --- [main] .RepositoryConfigurationExtensionSupport : Spring Data Redis - Could not safely identify store assignment for repository candidate interface com.be16_2nd.SmartFridge.fridge.repository.FridgeMemberRepository; If you want this repository to be a Redis repository, consider annotating your entities with one of these annotations: org.springframework.data.redis.core.RedisHash (preferred), or consider extending one of the following types with your repository: org.springframework.data.keyvalue.repository.KeyValueRepository
2025-08-12T18:15:12.200+09:00  INFO 23060 --- [main] .RepositoryConfigurationExtensionSupport : Spring Data Redis - Could not safely identify store assignment for repository candidate interface com.be16_2nd.SmartFridge.fridge.repository.FridgeRepository; If you want this repository to be a Redis repository, consider annotating your entities with one of these annotations: org.springframework.data.redis.core.RedisHash (preferred), or consider extending one of the following types with your repository: org.springframework.data.keyvalue.repository.KeyValueRepository
2025-08-12T18:15:12.200+09:00  INFO 23060 --- [main] .RepositoryConfigurationExtensionSupport : Spring Data Redis - Could not safely identify store assignment for repository candidate interface com.be16_2nd.SmartFridge.inquiryComment.repository.InquiryCommentRepository; If you want this repository to be a Redis repository, consider annotating your entities with one of these annotations: org.springframework.data.redis.core.RedisHash (preferred), or consider extending one of the following types with your repository: org.springframework.data.keyvalue.repository.KeyValueRepository
2025-08-12T18:15:12.201+09:00  INFO 23060 --- [main] .RepositoryConfigurationExtensionSupport : Spring Data Redis - Could not safely identify store assignment for repository candidate interface com.be16_2nd.SmartFridge.inquiry.repository.InquiryRepository; If you want this repository to be a Redis repository, consider annotating your entities with one of these annotations: org.springframework.data.redis.core.RedisHash (preferred), or consider extending one of the following types with your repository: org.springframework.data.keyvalue.repository.KeyValueRepository
2025-08-12T18:15:12.202+09:00  INFO 23060 --- [main] .RepositoryConfigurationExtensionSupport : Spring Data Redis - Could not safely identify store assignment for repository candidate interface com.be16_2nd.SmartFridge.member.repository.MemberRepository; If you want this repository to be a Redis repository, consider annotating your entities with one of these annotations: org.springframework.data.redis.core.RedisHash (preferred), or consider extending one of the following types with your repository: org.springframework.data.keyvalue.repository.KeyValueRepository
2025-08-12T18:15:12.203+09:00  INFO 23060 --- [main] .RepositoryConfigurationExtensionSupport : Spring Data Redis - Could not safely identify store assignment for repository candidate interface com.be16_2nd.SmartFridge.notification.repository.NotificationRepository; If you want this repository to be a Redis repository, consider annotating your entities with one of these annotations: org.springframework.data.redis.core.RedisHash (preferred), or consider extending one of the following types with your repository: org.springframework.data.keyvalue.repository.KeyValueRepository
2025-08-12T18:15:12.203+09:00  INFO 23060 --- [main] .RepositoryConfigurationExtensionSupport : Spring Data Redis - Could not safely identify store assignment for repository candidate interface com.be16_2nd.SmartFridge.Post.repository.PostCategoryRepository; If you want this repository to be a Redis repository, consider annotating your entities with one of these annotations: org.springframework.data.redis.core.RedisHash (preferred), or consider extending one of the following types with your repository: org.springframework.data.keyvalue.repository.KeyValueRepository
2025-08-12T18:15:12.203+09:00  INFO 23060 --- [main] .RepositoryConfigurationExtensionSupport : Spring Data Redis - Could not safely identify store assignment for repository candidate interface com.be16_2nd.SmartFridge.Post.repository.PostCommentRepository; If you want this repository to be a Redis repository, consider annotating your entities with one of these annotations: org.springframework.data.redis.core.RedisHash (preferred), or consider extending one of the following types with your repository: org.springframework.data.keyvalue.repository.KeyValueRepository
2025-08-12T18:15:12.204+09:00  INFO 23060 --- [main] .RepositoryConfigurationExtensionSupport : Spring Data Redis - Could not safely identify store assignment for repository candidate interface com.be16_2nd.SmartFridge.Post.repository.PostImageRepository; If you want this repository to be a Redis repository, consider annotating your entities with one of these annotations: org.springframework.data.redis.core.RedisHash (preferred), or consider extending one of the following types with your repository: org.springframework.data.keyvalue.repository.KeyValueRepository
2025-08-12T18:15:12.204+09:00  INFO 23060 --- [main] .RepositoryConfigurationExtensionSupport : Spring Data Redis - Could not safely identify store assignment for repository candidate interface com.be16_2nd.SmartFridge.Post.repository.PostRepository; If you want this repository to be a Redis repository, consider annotating your entities with one of these annotations: org.springframework.data.redis.core.RedisHash (preferred), or consider extending one of the following types with your repository: org.springframework.data.keyvalue.repository.KeyValueRepository
2025-08-12T18:15:12.205+09:00  INFO 23060 --- [main] .s.d.r.c.RepositoryConfigurationDelegate : Finished Spring Data repository scanning in 25 ms. Found 0 Redis repository interfaces.
2025-08-12T18:15:12.968+09:00  INFO 23060 --- [main] o.s.b.w.embedded.tomcat.TomcatWebServer  : Tomcat initialized with port 8080 (http)
2025-08-12T18:15:12.986+09:00  INFO 23060 --- [main] o.apache.catalina.core.StandardService   : Starting service [Tomcat]
2025-08-12T18:15:12.986+09:00  INFO 23060 --- [main] o.apache.catalina.core.StandardEngine    : Starting Servlet engine: [Apache Tomcat/10.1.42]
2025-08-12T18:15:13.065+09:00  INFO 23060 --- [main] o.a.c.c.C.[Tomcat].[localhost].[/]       : Initializing Spring embedded WebApplicationContext
2025-08-12T18:15:13.066+09:00  INFO 23060 --- [main] w.s.c.ServletWebServerApplicationContext : Root WebApplicationContext: initialization completed in 2194 ms
2025-08-12T18:15:13.312+09:00  INFO 23060 --- [main] o.hibernate.jpa.internal.util.LogHelper  : HHH000204: Processing PersistenceUnitInfo [name: default]
2025-08-12T18:15:13.368+09:00  INFO 23060 --- [main] org.hibernate.Version                    : HHH000412: Hibernate ORM core version 6.6.18.Final
2025-08-12T18:15:13.407+09:00  INFO 23060 --- [main] o.h.c.internal.RegionFactoryInitiator    : HHH000026: Second-level cache disabled
2025-08-12T18:15:13.713+09:00  INFO 23060 --- [main] o.s.o.j.p.SpringPersistenceUnitInfo      : No LoadTimeWeaver setup: ignoring JPA class transformer
2025-08-12T18:15:13.761+09:00  INFO 23060 --- [main] com.zaxxer.hikari.HikariDataSource       : HikariPool-1 - Starting...
2025-08-12T18:15:13.913+09:00  INFO 23060 --- [main] com.zaxxer.hikari.pool.HikariPool        : HikariPool-1 - Added connection org.mariadb.jdbc.Connection@5600a278
2025-08-12T18:15:13.916+09:00  INFO 23060 --- [main] com.zaxxer.hikari.HikariDataSource       : HikariPool-1 - Start completed.
2025-08-12T18:15:13.957+09:00  WARN 23060 --- [main] org.hibernate.orm.deprecation            : HHH90000025: MariaDBDialect does not need to be specified explicitly using 'hibernate.dialect' (remove the property setting and it will be selected by default)
2025-08-12T18:15:13.983+09:00  INFO 23060 --- [main] org.hibernate.orm.connections.pooling    : HHH10001005: Database info:
	Database JDBC URL [Connecting through datasource 'HikariDataSource (HikariPool-1)']
	Database driver: undefined/unknown
	Database version: 11.8.2
	Autocommit mode: undefined/unknown
	Isolation level: undefined/unknown
	Minimum pool size: undefined/unknown
	Maximum pool size: undefined/unknown
2025-08-12T18:15:15.757+09:00  INFO 23060 --- [main] o.h.e.t.j.p.i.JtaPlatformInitiator       : HHH000489: No JTA platform available (set 'hibernate.transaction.jta.platform' to enable JTA platform integration)
2025-08-12T18:15:15.953+09:00  INFO 23060 --- [main] j.LocalContainerEntityManagerFactoryBean : Initialized JPA EntityManagerFactory for persistence unit 'default'
2025-08-12T18:15:17.594+09:00  WARN 23060 --- [main] JpaBaseConfiguration$JpaWebConfiguration : spring.jpa.open-in-view is enabled by default. Therefore, database queries may be performed during view rendering. Explicitly configure spring.jpa.open-in-view to disable this warning
2025-08-12T18:15:17.656+09:00  WARN 23060 --- [main] .s.s.UserDetailsServiceAutoConfiguration : 

Using generated security password: 0c1d5a0b-fe4d-47e7-a4f5-374fac54bd49

This generated password is for development use only. Your security configuration must be updated before running your application in production.

2025-08-12T18:15:17.671+09:00  INFO 23060 --- [main] r$InitializeUserDetailsManagerConfigurer : Global AuthenticationManager configured with UserDetailsService bean with name inMemoryUserDetailsManager
2025-08-12T18:15:17.760+09:00  WARN 23060 --- [main] thorizationManagerRequestMatcherRegistry : One of the patterns in [/member/create, member/doLogin] is missing a leading slash. This is discouraged; please include the leading slash in all your request matcher patterns. In future versions of Spring Security, leaving out the leading slash will result in an exception.
2025-08-12T18:15:18.169+09:00  WARN 23060 --- [main] ion$DefaultTemplateResolverConfiguration : Cannot find template location: classpath:/templates/ (please add some templates, check your Thymeleaf configuration, or set spring.thymeleaf.check-template-location=false)
2025-08-12T18:15:18.596+09:00  INFO 23060 --- [main] o.s.b.w.embedded.tomcat.TomcatWebServer  : Tomcat started on port 8080 (http) with context path '/'
2025-08-12T18:15:19.122+09:00  INFO 23060 --- [main] c.b.SmartFridge.SmartFridgeApplication   : Started SmartFridgeApplication in 9.167 seconds (process running for 10.173)
2025-08-12T18:15:40.145+09:00  INFO 23060 --- [http-nio-8080-exec-1] o.a.c.c.C.[Tomcat].[localhost].[/]       : Initializing Spring DispatcherServlet 'dispatcherServlet'
2025-08-12T18:15:40.145+09:00  INFO 23060 --- [http-nio-8080-exec-1] o.s.web.servlet.DispatcherServlet        : Initializing Servlet 'dispatcherServlet'
2025-08-12T18:15:40.145+09:00  INFO 23060 --- [http-nio-8080-exec-1] o.s.web.servlet.DispatcherServlet        : Completed initialization in 0 ms
2025-08-12T18:15:40.728+09:00 ERROR 23060 --- [http-nio-8080-exec-1] c.b.S.c.service.CommonExceptionHandler   : 없는 냉장고입니다.
2025-08-12T18:16:01.656+09:00 ERROR 23060 --- [http-nio-8080-exec-2] c.b.S.c.service.CommonExceptionHandler   : Could not write JSON: Document nesting depth (1001) exceeds the maximum allowed (1000, from `StreamWriteConstraints.getMaxNestingDepth()`)
2025-08-12T18:25:11.772+09:00 ERROR 23060 --- [http-nio-8080-exec-7] c.b.S.c.service.CommonExceptionHandler   : Could not write JSON: Document nesting depth (1001) exceeds the maximum allowed (1000, from `StreamWriteConstraints.getMaxNestingDepth()`)
2025-08-12T18:31:28.354+09:00  INFO 23060 --- [SpringApplicationShutdownHook] o.s.b.w.e.tomcat.GracefulShutdown        : Commencing graceful shutdown. Waiting for active requests to complete
2025-08-12T18:31:28.675+09:00  INFO 23060 --- [tomcat-shutdown] o.s.b.w.e.tomcat.GracefulShutdown        : Graceful shutdown complete
2025-08-12T18:31:29.040+09:00  INFO 23060 --- [SpringApplicationShutdownHook] j.LocalContainerEntityManagerFactoryBean : Closing JPA EntityManagerFactory for persistence unit 'default'
2025-08-12T18:31:29.043+09:00  INFO 23060 --- [SpringApplicationShutdownHook] com.zaxxer.hikari.HikariDataSource       : HikariPool-1 - Shutdown initiated...
2025-08-12T18:31:29.048+09:00  INFO 23060 --- [SpringApplicationShutdownHook] com.zaxxer.hikari.HikariDataSource       : HikariPool-1 - Shutdown completed.
2025-08-12T18:31:39.262+09:00  INFO 8492 --- [main] c.b.SmartFridge.SmartFridgeApplication   : Starting SmartFridgeApplication using Java 17.0.15 with PID 8492 (C:\Users\Playdata\Desktop\중간프로젝트\be16-2nd-5team-SmartFridge-BE\build\classes\java\main started by Playdata in C:\Users\Playdata\Desktop\중간프로젝트\be16-2nd-5team-SmartFridge-BE)
2025-08-12T18:31:39.265+09:00  INFO 8492 --- [main] c.b.SmartFridge.SmartFridgeApplication   : The following 1 profile is active: "prod"
2025-08-12T18:31:40.667+09:00  INFO 8492 --- [main] .s.d.r.c.RepositoryConfigurationDelegate : Multiple Spring Data modules found, entering strict repository configuration mode
2025-08-12T18:31:40.669+09:00  INFO 8492 --- [main] .s.d.r.c.RepositoryConfigurationDelegate : Bootstrapping Spring Data JDBC repositories in DEFAULT mode.
2025-08-12T18:31:40.721+09:00  INFO 8492 --- [main] .RepositoryConfigurationExtensionSupport : Spring Data JDBC - Could not safely identify store assignment for repository candidate interface com.be16_2nd.SmartFridge.food.repository.FoodRepository; If you want this repository to be a JDBC repository, consider annotating your entities with one of these annotations: org.springframework.data.relational.core.mapping.Table.
2025-08-12T18:31:40.724+09:00  INFO 8492 --- [main] .RepositoryConfigurationExtensionSupport : Spring Data JDBC - Could not safely identify store assignment for repository candidate interface com.be16_2nd.SmartFridge.fridge.repository.FridgeMemberRepository; If you want this repository to be a JDBC repository, consider annotating your entities with one of these annotations: org.springframework.data.relational.core.mapping.Table.
2025-08-12T18:31:40.726+09:00  INFO 8492 --- [main] .RepositoryConfigurationExtensionSupport : Spring Data JDBC - Could not safely identify store assignment for repository candidate interface com.be16_2nd.SmartFridge.fridge.repository.FridgeRepository; If you want this repository to be a JDBC repository, consider annotating your entities with one of these annotations: org.springframework.data.relational.core.mapping.Table.
2025-08-12T18:31:40.727+09:00  INFO 8492 --- [main] .RepositoryConfigurationExtensionSupport : Spring Data JDBC - Could not safely identify store assignment for repository candidate interface com.be16_2nd.SmartFridge.inquiryComment.repository.InquiryCommentRepository; If you want this repository to be a JDBC repository, consider annotating your entities with one of these annotations: org.springframework.data.relational.core.mapping.Table.
2025-08-12T18:31:40.729+09:00  INFO 8492 --- [main] .RepositoryConfigurationExtensionSupport : Spring Data JDBC - Could not safely identify store assignment for repository candidate interface com.be16_2nd.SmartFridge.inquiry.repository.InquiryRepository; If you want this repository to be a JDBC repository, consider annotating your entities with one of these annotations: org.springframework.data.relational.core.mapping.Table.
2025-08-12T18:31:40.731+09:00  INFO 8492 --- [main] .RepositoryConfigurationExtensionSupport : Spring Data JDBC - Could not safely identify store assignment for repository candidate interface com.be16_2nd.SmartFridge.member.repository.MemberRepository; If you want this repository to be a JDBC repository, consider annotating your entities with one of these annotations: org.springframework.data.relational.core.mapping.Table.
2025-08-12T18:31:40.732+09:00  INFO 8492 --- [main] .RepositoryConfigurationExtensionSupport : Spring Data JDBC - Could not safely identify store assignment for repository candidate interface com.be16_2nd.SmartFridge.notification.repository.NotificationRepository; If you want this repository to be a JDBC repository, consider annotating your entities with one of these annotations: org.springframework.data.relational.core.mapping.Table.
2025-08-12T18:31:40.735+09:00  INFO 8492 --- [main] .RepositoryConfigurationExtensionSupport : Spring Data JDBC - Could not safely identify store assignment for repository candidate interface com.be16_2nd.SmartFridge.Post.repository.PostCategoryRepository; If you want this repository to be a JDBC repository, consider annotating your entities with one of these annotations: org.springframework.data.relational.core.mapping.Table.
2025-08-12T18:31:40.737+09:00  INFO 8492 --- [main] .RepositoryConfigurationExtensionSupport : Spring Data JDBC - Could not safely identify store assignment for repository candidate interface com.be16_2nd.SmartFridge.Post.repository.PostCommentRepository; If you want this repository to be a JDBC repository, consider annotating your entities with one of these annotations: org.springframework.data.relational.core.mapping.Table.
2025-08-12T18:31:40.738+09:00  INFO 8492 --- [main] .RepositoryConfigurationExtensionSupport : Spring Data JDBC - Could not safely identify store assignment for repository candidate interface com.be16_2nd.SmartFridge.Post.repository.PostImageRepository; If you want this repository to be a JDBC repository, consider annotating your entities with one of these annotations: org.springframework.data.relational.core.mapping.Table.
2025-08-12T18:31:40.741+09:00  INFO 8492 --- [main] .RepositoryConfigurationExtensionSupport : Spring Data JDBC - Could not safely identify store assignment for repository candidate interface com.be16_2nd.SmartFridge.Post.repository.PostRepository; If you want this repository to be a JDBC repository, consider annotating your entities with one of these annotations: org.springframework.data.relational.core.mapping.Table.
2025-08-12T18:31:40.742+09:00  INFO 8492 --- [main] .s.d.r.c.RepositoryConfigurationDelegate : Finished Spring Data repository scanning in 65 ms. Found 0 JDBC repository interfaces.
2025-08-12T18:31:40.756+09:00  INFO 8492 --- [main] .s.d.r.c.RepositoryConfigurationDelegate : Multiple Spring Data modules found, entering strict repository configuration mode
2025-08-12T18:31:40.757+09:00  INFO 8492 --- [main] .s.d.r.c.RepositoryConfigurationDelegate : Bootstrapping Spring Data JPA repositories in DEFAULT mode.
2025-08-12T18:31:40.959+09:00  INFO 8492 --- [main] .s.d.r.c.RepositoryConfigurationDelegate : Finished Spring Data repository scanning in 196 ms. Found 11 JPA repository interfaces.
2025-08-12T18:31:40.985+09:00  INFO 8492 --- [main] .s.d.r.c.RepositoryConfigurationDelegate : Multiple Spring Data modules found, entering strict repository configuration mode
2025-08-12T18:31:40.988+09:00  INFO 8492 --- [main] .s.d.r.c.RepositoryConfigurationDelegate : Bootstrapping Spring Data Redis repositories in DEFAULT mode.
2025-08-12T18:31:41.009+09:00  INFO 8492 --- [main] .RepositoryConfigurationExtensionSupport : Spring Data Redis - Could not safely identify store assignment for repository candidate interface com.be16_2nd.SmartFridge.food.repository.FoodRepository; If you want this repository to be a Redis repository, consider annotating your entities with one of these annotations: org.springframework.data.redis.core.RedisHash (preferred), or consider extending one of the following types with your repository: org.springframework.data.keyvalue.repository.KeyValueRepository
2025-08-12T18:31:41.009+09:00  INFO 8492 --- [main] .RepositoryConfigurationExtensionSupport : Spring Data Redis - Could not safely identify store assignment for repository candidate interface com.be16_2nd.SmartFridge.fridge.repository.FridgeMemberRepository; If you want this repository to be a Redis repository, consider annotating your entities with one of these annotations: org.springframework.data.redis.core.RedisHash (preferred), or consider extending one of the following types with your repository: org.springframework.data.keyvalue.repository.KeyValueRepository
2025-08-12T18:31:41.009+09:00  INFO 8492 --- [main] .RepositoryConfigurationExtensionSupport : Spring Data Redis - Could not safely identify store assignment for repository candidate interface com.be16_2nd.SmartFridge.fridge.repository.FridgeRepository; If you want this repository to be a Redis repository, consider annotating your entities with one of these annotations: org.springframework.data.redis.core.RedisHash (preferred), or consider extending one of the following types with your repository: org.springframework.data.keyvalue.repository.KeyValueRepository
2025-08-12T18:31:41.010+09:00  INFO 8492 --- [main] .RepositoryConfigurationExtensionSupport : Spring Data Redis - Could not safely identify store assignment for repository candidate interface com.be16_2nd.SmartFridge.inquiryComment.repository.InquiryCommentRepository; If you want this repository to be a Redis repository, consider annotating your entities with one of these annotations: org.springframework.data.redis.core.RedisHash (preferred), or consider extending one of the following types with your repository: org.springframework.data.keyvalue.repository.KeyValueRepository
2025-08-12T18:31:41.010+09:00  INFO 8492 --- [main] .RepositoryConfigurationExtensionSupport : Spring Data Redis - Could not safely identify store assignment for repository candidate interface com.be16_2nd.SmartFridge.inquiry.repository.InquiryRepository; If you want this repository to be a Redis repository, consider annotating your entities with one of these annotations: org.springframework.data.redis.core.RedisHash (preferred), or consider extending one of the following types with your repository: org.springframework.data.keyvalue.repository.KeyValueRepository
2025-08-12T18:31:41.010+09:00  INFO 8492 --- [main] .RepositoryConfigurationExtensionSupport : Spring Data Redis - Could not safely identify store assignment for repository candidate interface com.be16_2nd.SmartFridge.member.repository.MemberRepository; If you want this repository to be a Redis repository, consider annotating your entities with one of these annotations: org.springframework.data.redis.core.RedisHash (preferred), or consider extending one of the following types with your repository: org.springframework.data.keyvalue.repository.KeyValueRepository
2025-08-12T18:31:41.010+09:00  INFO 8492 --- [main] .RepositoryConfigurationExtensionSupport : Spring Data Redis - Could not safely identify store assignment for repository candidate interface com.be16_2nd.SmartFridge.notification.repository.NotificationRepository; If you want this repository to be a Redis repository, consider annotating your entities with one of these annotations: org.springframework.data.redis.core.RedisHash (preferred), or consider extending one of the following types with your repository: org.springframework.data.keyvalue.repository.KeyValueRepository
2025-08-12T18:31:41.010+09:00  INFO 8492 --- [main] .RepositoryConfigurationExtensionSupport : Spring Data Redis - Could not safely identify store assignment for repository candidate interface com.be16_2nd.SmartFridge.Post.repository.PostCategoryRepository; If you want this repository to be a Redis repository, consider annotating your entities with one of these annotations: org.springframework.data.redis.core.RedisHash (preferred), or consider extending one of the following types with your repository: org.springframework.data.keyvalue.repository.KeyValueRepository
2025-08-12T18:31:41.011+09:00  INFO 8492 --- [main] .RepositoryConfigurationExtensionSupport : Spring Data Redis - Could not safely identify store assignment for repository candidate interface com.be16_2nd.SmartFridge.Post.repository.PostCommentRepository; If you want this repository to be a Redis repository, consider annotating your entities with one of these annotations: org.springframework.data.redis.core.RedisHash (preferred), or consider extending one of the following types with your repository: org.springframework.data.keyvalue.repository.KeyValueRepository
2025-08-12T18:31:41.012+09:00  INFO 8492 --- [main] .RepositoryConfigurationExtensionSupport : Spring Data Redis - Could not safely identify store assignment for repository candidate interface com.be16_2nd.SmartFridge.Post.repository.PostImageRepository; If you want this repository to be a Redis repository, consider annotating your entities with one of these annotations: org.springframework.data.redis.core.RedisHash (preferred), or consider extending one of the following types with your repository: org.springframework.data.keyvalue.repository.KeyValueRepository
2025-08-12T18:31:41.013+09:00  INFO 8492 --- [main] .RepositoryConfigurationExtensionSupport : Spring Data Redis - Could not safely identify store assignment for repository candidate interface com.be16_2nd.SmartFridge.Post.repository.PostRepository; If you want this repository to be a Redis repository, consider annotating your entities with one of these annotations: org.springframework.data.redis.core.RedisHash (preferred), or consider extending one of the following types with your repository: org.springframework.data.keyvalue.repository.KeyValueRepository
2025-08-12T18:31:41.014+09:00  INFO 8492 --- [main] .s.d.r.c.RepositoryConfigurationDelegate : Finished Spring Data repository scanning in 16 ms. Found 0 Redis repository interfaces.
2025-08-12T18:31:41.769+09:00  INFO 8492 --- [main] o.s.b.w.embedded.tomcat.TomcatWebServer  : Tomcat initialized with port 8080 (http)
2025-08-12T18:31:41.784+09:00  INFO 8492 --- [main] o.apache.catalina.core.StandardService   : Starting service [Tomcat]
2025-08-12T18:31:41.785+09:00  INFO 8492 --- [main] o.apache.catalina.core.StandardEngine    : Starting Servlet engine: [Apache Tomcat/10.1.42]
2025-08-12T18:31:41.863+09:00  INFO 8492 --- [main] o.a.c.c.C.[Tomcat].[localhost].[/]       : Initializing Spring embedded WebApplicationContext
2025-08-12T18:31:41.863+09:00  INFO 8492 --- [main] w.s.c.ServletWebServerApplicationContext : Root WebApplicationContext: initialization completed in 2495 ms
2025-08-12T18:31:42.112+09:00  INFO 8492 --- [main] o.hibernate.jpa.internal.util.LogHelper  : HHH000204: Processing PersistenceUnitInfo [name: default]
2025-08-12T18:31:42.165+09:00  INFO 8492 --- [main] org.hibernate.Version                    : HHH000412: Hibernate ORM core version 6.6.18.Final
2025-08-12T18:31:42.196+09:00  INFO 8492 --- [main] o.h.c.internal.RegionFactoryInitiator    : HHH000026: Second-level cache disabled
2025-08-12T18:31:42.545+09:00  INFO 8492 --- [main] o.s.o.j.p.SpringPersistenceUnitInfo      : No LoadTimeWeaver setup: ignoring JPA class transformer
2025-08-12T18:31:42.601+09:00  INFO 8492 --- [main] com.zaxxer.hikari.HikariDataSource       : HikariPool-1 - Starting...
2025-08-12T18:31:42.792+09:00  INFO 8492 --- [main] com.zaxxer.hikari.pool.HikariPool        : HikariPool-1 - Added connection org.mariadb.jdbc.Connection@26d7cb0d
2025-08-12T18:31:42.795+09:00  INFO 8492 --- [main] com.zaxxer.hikari.HikariDataSource       : HikariPool-1 - Start completed.
2025-08-12T18:31:42.840+09:00  WARN 8492 --- [main] org.hibernate.orm.deprecation            : HHH90000025: MariaDBDialect does not need to be specified explicitly using 'hibernate.dialect' (remove the property setting and it will be selected by default)
2025-08-12T18:31:42.870+09:00  INFO 8492 --- [main] org.hibernate.orm.connections.pooling    : HHH10001005: Database info:
	Database JDBC URL [Connecting through datasource 'HikariDataSource (HikariPool-1)']
	Database driver: undefined/unknown
	Database version: 11.8.2
	Autocommit mode: undefined/unknown
	Isolation level: undefined/unknown
	Minimum pool size: undefined/unknown
	Maximum pool size: undefined/unknown
2025-08-12T18:31:44.351+09:00  INFO 8492 --- [main] o.h.e.t.j.p.i.JtaPlatformInitiator       : HHH000489: No JTA platform available (set 'hibernate.transaction.jta.platform' to enable JTA platform integration)
2025-08-12T18:31:44.529+09:00  INFO 8492 --- [main] j.LocalContainerEntityManagerFactoryBean : Initialized JPA EntityManagerFactory for persistence unit 'default'
2025-08-12T18:31:46.304+09:00  WARN 8492 --- [main] JpaBaseConfiguration$JpaWebConfiguration : spring.jpa.open-in-view is enabled by default. Therefore, database queries may be performed during view rendering. Explicitly configure spring.jpa.open-in-view to disable this warning
2025-08-12T18:31:46.355+09:00  WARN 8492 --- [main] .s.s.UserDetailsServiceAutoConfiguration : 

Using generated security password: b98c3118-892c-404c-b19f-5d3022a612a6

This generated password is for development use only. Your security configuration must be updated before running your application in production.

2025-08-12T18:31:46.364+09:00  INFO 8492 --- [main] r$InitializeUserDetailsManagerConfigurer : Global AuthenticationManager configured with UserDetailsService bean with name inMemoryUserDetailsManager
2025-08-12T18:31:46.435+09:00  WARN 8492 --- [main] thorizationManagerRequestMatcherRegistry : One of the patterns in [/member/create, member/doLogin] is missing a leading slash. This is discouraged; please include the leading slash in all your request matcher patterns. In future versions of Spring Security, leaving out the leading slash will result in an exception.
2025-08-12T18:31:46.847+09:00  WARN 8492 --- [main] ion$DefaultTemplateResolverConfiguration : Cannot find template location: classpath:/templates/ (please add some templates, check your Thymeleaf configuration, or set spring.thymeleaf.check-template-location=false)
2025-08-12T18:31:47.273+09:00  INFO 8492 --- [main] o.s.b.w.embedded.tomcat.TomcatWebServer  : Tomcat started on port 8080 (http) with context path '/'
2025-08-12T18:31:47.840+09:00  INFO 8492 --- [main] c.b.SmartFridge.SmartFridgeApplication   : Started SmartFridgeApplication in 10.553 seconds (process running for 11.868)
2025-08-12T18:32:03.763+09:00  INFO 8492 --- [http-nio-8080-exec-2] o.a.c.c.C.[Tomcat].[localhost].[/]       : Initializing Spring DispatcherServlet 'dispatcherServlet'
2025-08-12T18:32:03.763+09:00  INFO 8492 --- [http-nio-8080-exec-2] o.s.web.servlet.DispatcherServlet        : Initializing Servlet 'dispatcherServlet'
2025-08-12T18:32:03.768+09:00  INFO 8492 --- [http-nio-8080-exec-2] o.s.web.servlet.DispatcherServlet        : Completed initialization in 3 ms
2025-08-12T18:32:04.411+09:00 ERROR 8492 --- [http-nio-8080-exec-2] c.b.S.c.service.CommonExceptionHandler   : 최종 등록 시에는 유통기한 날짜는 필수입니다.
2025-08-12T18:42:15.501+09:00 ERROR 8492 --- [http-nio-8080-exec-8] c.b.S.c.service.CommonExceptionHandler   : JSON parse error: Cannot deserialize value of type `com.be16_2nd.SmartFridge.food.domain.Category` from String "ETC": not one of the values accepted for Enum class: [OTHER, VEGETABLE, DAIRY, FRUIT, MEAT, PROCESSED, BEVERAGE]
2025-08-12T18:42:24.908+09:00 ERROR 8492 --- [http-nio-8080-exec-10] c.b.S.c.service.CommonExceptionHandler   : No static resource food/list/nonshared.
2025-08-12T18:42:45.504+09:00  WARN 8492 --- [http-nio-8080-exec-2] ration$PageModule$WarningLoggingModifier : Serializing PageImpl instances as-is is not supported, meaning that there is no guarantee about the stability of the resulting JSON structure!
	For a stable JSON structure, please use Spring Data's PagedModel (globally via @EnableSpringDataWebSupport(pageSerializationMode = VIA_DTO))
	or Spring HATEOAS and Spring Data's PagedResourcesAssembler as documented in https://docs.spring.io/spring-data/commons/reference/repositories/core-extensions.html#core.web.pageables.

2025-08-12T18:43:20.137+09:00 ERROR 8492 --- [http-nio-8080-exec-5] c.b.S.c.service.CommonExceptionHandler   : JSON parse error: Cannot deserialize value of type `com.be16_2nd.SmartFridge.food.domain.Category` from String "ETC": not one of the values accepted for Enum class: [OTHER, VEGETABLE, DAIRY, FRUIT, MEAT, PROCESSED, BEVERAGE]
2025-08-12T18:43:24.470+09:00 ERROR 8492 --- [http-nio-8080-exec-6] c.b.S.c.service.CommonExceptionHandler   : JSON parse error: Cannot deserialize value of type `com.be16_2nd.SmartFridge.food.domain.Category` from String "ETC": not one of the values accepted for Enum class: [OTHER, VEGETABLE, DAIRY, FRUIT, MEAT, PROCESSED, BEVERAGE]
2025-08-12T18:43:28.921+09:00 ERROR 8492 --- [http-nio-8080-exec-8] c.b.S.c.service.CommonExceptionHandler   : JSON parse error: Cannot deserialize value of type `com.be16_2nd.SmartFridge.food.domain.Category` from String "ETC": not one of the values accepted for Enum class: [OTHER, VEGETABLE, DAIRY, FRUIT, MEAT, PROCESSED, BEVERAGE]
2025-08-12T18:43:32.492+09:00 ERROR 8492 --- [http-nio-8080-exec-10] c.b.S.c.service.CommonExceptionHandler   : JSON parse error: Cannot deserialize value of type `com.be16_2nd.SmartFridge.food.domain.Category` from String "ETC": not one of the values accepted for Enum class: [OTHER, VEGETABLE, DAIRY, FRUIT, MEAT, PROCESSED, BEVERAGE]
2025-08-12T18:44:12.960+09:00 ERROR 8492 --- [http-nio-8080-exec-3] c.b.S.c.service.CommonExceptionHandler   : 유효하지 않은 초대 코드입니다.
2025-08-12T18:44:59.351+09:00 ERROR 8492 --- [http-nio-8080-exec-4] c.b.S.c.service.CommonExceptionHandler   : JSON parse error: Cannot deserialize value of type `com.be16_2nd.SmartFridge.food.domain.Category` from String "ETC": not one of the values accepted for Enum class: [OTHER, VEGETABLE, DAIRY, FRUIT, MEAT, PROCESSED, BEVERAGE]
2025-08-12T18:45:25.559+09:00 ERROR 8492 --- [http-nio-8080-exec-7] c.b.S.c.service.CommonExceptionHandler   : JSON parse error: Cannot deserialize value of type `com.be16_2nd.SmartFridge.food.domain.Category` from String "ETC": not one of the values accepted for Enum class: [OTHER, VEGETABLE, DAIRY, FRUIT, MEAT, PROCESSED, BEVERAGE]
2025-08-12T18:47:49.051+09:00 ERROR 8492 --- [http-nio-8080-exec-5] c.b.S.c.service.CommonExceptionHandler   : 없는 냉장고입니다.
2025-08-12T19:19:34.690+09:00  INFO 8492 --- [SpringApplicationShutdownHook] o.s.b.w.e.tomcat.GracefulShutdown        : Commencing graceful shutdown. Waiting for active requests to complete
2025-08-12T19:19:34.876+09:00  INFO 8492 --- [tomcat-shutdown] o.s.b.w.e.tomcat.GracefulShutdown        : Graceful shutdown complete
2025-08-12T19:19:35.139+09:00  INFO 8492 --- [SpringApplicationShutdownHook] j.LocalContainerEntityManagerFactoryBean : Closing JPA EntityManagerFactory for persistence unit 'default'
2025-08-12T19:19:35.154+09:00  INFO 8492 --- [SpringApplicationShutdownHook] com.zaxxer.hikari.HikariDataSource       : HikariPool-1 - Shutdown initiated...
2025-08-12T19:19:35.158+09:00  INFO 8492 --- [SpringApplicationShutdownHook] com.zaxxer.hikari.HikariDataSource       : HikariPool-1 - Shutdown completed.
2025-08-12T20:04:38.408+09:00  INFO 6124 --- [main] c.b.SmartFridge.SmartFridgeApplication   : Starting SmartFridgeApplication using Java 17.0.15 with PID 6124 (C:\Users\Playdata\Desktop\중간프로젝트\be16-2nd-5team-SmartFridge-BE\build\classes\java\main started by Playdata in C:\Users\Playdata\Desktop\중간프로젝트\be16-2nd-5team-SmartFridge-BE)
2025-08-12T20:04:38.411+09:00  INFO 6124 --- [main] c.b.SmartFridge.SmartFridgeApplication   : The following 1 profile is active: "prod"
2025-08-12T20:04:39.198+09:00  INFO 6124 --- [main] .s.d.r.c.RepositoryConfigurationDelegate : Multiple Spring Data modules found, entering strict repository configuration mode
2025-08-12T20:04:39.198+09:00  INFO 6124 --- [main] .s.d.r.c.RepositoryConfigurationDelegate : Bootstrapping Spring Data JDBC repositories in DEFAULT mode.
2025-08-12T20:04:39.237+09:00  INFO 6124 --- [main] .RepositoryConfigurationExtensionSupport : Spring Data JDBC - Could not safely identify store assignment for repository candidate interface com.be16_2nd.SmartFridge.food.repository.FoodRepository; If you want this repository to be a JDBC repository, consider annotating your entities with one of these annotations: org.springframework.data.relational.core.mapping.Table.
2025-08-12T20:04:39.239+09:00  INFO 6124 --- [main] .RepositoryConfigurationExtensionSupport : Spring Data JDBC - Could not safely identify store assignment for repository candidate interface com.be16_2nd.SmartFridge.fridge.repository.FridgeMemberRepository; If you want this repository to be a JDBC repository, consider annotating your entities with one of these annotations: org.springframework.data.relational.core.mapping.Table.
2025-08-12T20:04:39.241+09:00  INFO 6124 --- [main] .RepositoryConfigurationExtensionSupport : Spring Data JDBC - Could not safely identify store assignment for repository candidate interface com.be16_2nd.SmartFridge.fridge.repository.FridgeRepository; If you want this repository to be a JDBC repository, consider annotating your entities with one of these annotations: org.springframework.data.relational.core.mapping.Table.
2025-08-12T20:04:39.242+09:00  INFO 6124 --- [main] .RepositoryConfigurationExtensionSupport : Spring Data JDBC - Could not safely identify store assignment for repository candidate interface com.be16_2nd.SmartFridge.inquiryComment.repository.InquiryCommentRepository; If you want this repository to be a JDBC repository, consider annotating your entities with one of these annotations: org.springframework.data.relational.core.mapping.Table.
2025-08-12T20:04:39.243+09:00  INFO 6124 --- [main] .RepositoryConfigurationExtensionSupport : Spring Data JDBC - Could not safely identify store assignment for repository candidate interface com.be16_2nd.SmartFridge.inquiry.repository.InquiryRepository; If you want this repository to be a JDBC repository, consider annotating your entities with one of these annotations: org.springframework.data.relational.core.mapping.Table.
2025-08-12T20:04:39.245+09:00  INFO 6124 --- [main] .RepositoryConfigurationExtensionSupport : Spring Data JDBC - Could not safely identify store assignment for repository candidate interface com.be16_2nd.SmartFridge.member.repository.MemberRepository; If you want this repository to be a JDBC repository, consider annotating your entities with one of these annotations: org.springframework.data.relational.core.mapping.Table.
2025-08-12T20:04:39.246+09:00  INFO 6124 --- [main] .RepositoryConfigurationExtensionSupport : Spring Data JDBC - Could not safely identify store assignment for repository candidate interface com.be16_2nd.SmartFridge.notification.repository.NotificationRepository; If you want this repository to be a JDBC repository, consider annotating your entities with one of these annotations: org.springframework.data.relational.core.mapping.Table.
2025-08-12T20:04:39.248+09:00  INFO 6124 --- [main] .RepositoryConfigurationExtensionSupport : Spring Data JDBC - Could not safely identify store assignment for repository candidate interface com.be16_2nd.SmartFridge.Post.repository.PostCategoryRepository; If you want this repository to be a JDBC repository, consider annotating your entities with one of these annotations: org.springframework.data.relational.core.mapping.Table.
2025-08-12T20:04:39.249+09:00  INFO 6124 --- [main] .RepositoryConfigurationExtensionSupport : Spring Data JDBC - Could not safely identify store assignment for repository candidate interface com.be16_2nd.SmartFridge.Post.repository.PostCommentRepository; If you want this repository to be a JDBC repository, consider annotating your entities with one of these annotations: org.springframework.data.relational.core.mapping.Table.
2025-08-12T20:04:39.250+09:00  INFO 6124 --- [main] .RepositoryConfigurationExtensionSupport : Spring Data JDBC - Could not safely identify store assignment for repository candidate interface com.be16_2nd.SmartFridge.Post.repository.PostImageRepository; If you want this repository to be a JDBC repository, consider annotating your entities with one of these annotations: org.springframework.data.relational.core.mapping.Table.
2025-08-12T20:04:39.253+09:00  INFO 6124 --- [main] .RepositoryConfigurationExtensionSupport : Spring Data JDBC - Could not safely identify store assignment for repository candidate interface com.be16_2nd.SmartFridge.Post.repository.PostRepository; If you want this repository to be a JDBC repository, consider annotating your entities with one of these annotations: org.springframework.data.relational.core.mapping.Table.
2025-08-12T20:04:39.254+09:00  INFO 6124 --- [main] .s.d.r.c.RepositoryConfigurationDelegate : Finished Spring Data repository scanning in 49 ms. Found 0 JDBC repository interfaces.
2025-08-12T20:04:39.263+09:00  INFO 6124 --- [main] .s.d.r.c.RepositoryConfigurationDelegate : Multiple Spring Data modules found, entering strict repository configuration mode
2025-08-12T20:04:39.264+09:00  INFO 6124 --- [main] .s.d.r.c.RepositoryConfigurationDelegate : Bootstrapping Spring Data JPA repositories in DEFAULT mode.
2025-08-12T20:04:39.400+09:00  INFO 6124 --- [main] .s.d.r.c.RepositoryConfigurationDelegate : Finished Spring Data repository scanning in 131 ms. Found 11 JPA repository interfaces.
2025-08-12T20:04:39.417+09:00  INFO 6124 --- [main] .s.d.r.c.RepositoryConfigurationDelegate : Multiple Spring Data modules found, entering strict repository configuration mode
2025-08-12T20:04:39.418+09:00  INFO 6124 --- [main] .s.d.r.c.RepositoryConfigurationDelegate : Bootstrapping Spring Data Redis repositories in DEFAULT mode.
2025-08-12T20:04:39.438+09:00  INFO 6124 --- [main] .RepositoryConfigurationExtensionSupport : Spring Data Redis - Could not safely identify store assignment for repository candidate interface com.be16_2nd.SmartFridge.food.repository.FoodRepository; If you want this repository to be a Redis repository, consider annotating your entities with one of these annotations: org.springframework.data.redis.core.RedisHash (preferred), or consider extending one of the following types with your repository: org.springframework.data.keyvalue.repository.KeyValueRepository
2025-08-12T20:04:39.438+09:00  INFO 6124 --- [main] .RepositoryConfigurationExtensionSupport : Spring Data Redis - Could not safely identify store assignment for repository candidate interface com.be16_2nd.SmartFridge.fridge.repository.FridgeMemberRepository; If you want this repository to be a Redis repository, consider annotating your entities with one of these annotations: org.springframework.data.redis.core.RedisHash (preferred), or consider extending one of the following types with your repository: org.springframework.data.keyvalue.repository.KeyValueRepository
2025-08-12T20:04:39.438+09:00  INFO 6124 --- [main] .RepositoryConfigurationExtensionSupport : Spring Data Redis - Could not safely identify store assignment for repository candidate interface com.be16_2nd.SmartFridge.fridge.repository.FridgeRepository; If you want this repository to be a Redis repository, consider annotating your entities with one of these annotations: org.springframework.data.redis.core.RedisHash (preferred), or consider extending one of the following types with your repository: org.springframework.data.keyvalue.repository.KeyValueRepository
2025-08-12T20:04:39.439+09:00  INFO 6124 --- [main] .RepositoryConfigurationExtensionSupport : Spring Data Redis - Could not safely identify store assignment for repository candidate interface com.be16_2nd.SmartFridge.inquiryComment.repository.InquiryCommentRepository; If you want this repository to be a Redis repository, consider annotating your entities with one of these annotations: org.springframework.data.redis.core.RedisHash (preferred), or consider extending one of the following types with your repository: org.springframework.data.keyvalue.repository.KeyValueRepository
2025-08-12T20:04:39.439+09:00  INFO 6124 --- [main] .RepositoryConfigurationExtensionSupport : Spring Data Redis - Could not safely identify store assignment for repository candidate interface com.be16_2nd.SmartFridge.inquiry.repository.InquiryRepository; If you want this repository to be a Redis repository, consider annotating your entities with one of these annotations: org.springframework.data.redis.core.RedisHash (preferred), or consider extending one of the following types with your repository: org.springframework.data.keyvalue.repository.KeyValueRepository
2025-08-12T20:04:39.439+09:00  INFO 6124 --- [main] .RepositoryConfigurationExtensionSupport : Spring Data Redis - Could not safely identify store assignment for repository candidate interface com.be16_2nd.SmartFridge.member.repository.MemberRepository; If you want this repository to be a Redis repository, consider annotating your entities with one of these annotations: org.springframework.data.redis.core.RedisHash (preferred), or consider extending one of the following types with your repository: org.springframework.data.keyvalue.repository.KeyValueRepository
2025-08-12T20:04:39.439+09:00  INFO 6124 --- [main] .RepositoryConfigurationExtensionSupport : Spring Data Redis - Could not safely identify store assignment for repository candidate interface com.be16_2nd.SmartFridge.notification.repository.NotificationRepository; If you want this repository to be a Redis repository, consider annotating your entities with one of these annotations: org.springframework.data.redis.core.RedisHash (preferred), or consider extending one of the following types with your repository: org.springframework.data.keyvalue.repository.KeyValueRepository
2025-08-12T20:04:39.439+09:00  INFO 6124 --- [main] .RepositoryConfigurationExtensionSupport : Spring Data Redis - Could not safely identify store assignment for repository candidate interface com.be16_2nd.SmartFridge.Post.repository.PostCategoryRepository; If you want this repository to be a Redis repository, consider annotating your entities with one of these annotations: org.springframework.data.redis.core.RedisHash (preferred), or consider extending one of the following types with your repository: org.springframework.data.keyvalue.repository.KeyValueRepository
2025-08-12T20:04:39.439+09:00  INFO 6124 --- [main] .RepositoryConfigurationExtensionSupport : Spring Data Redis - Could not safely identify store assignment for repository candidate interface com.be16_2nd.SmartFridge.Post.repository.PostCommentRepository; If you want this repository to be a Redis repository, consider annotating your entities with one of these annotations: org.springframework.data.redis.core.RedisHash (preferred), or consider extending one of the following types with your repository: org.springframework.data.keyvalue.repository.KeyValueRepository
2025-08-12T20:04:39.439+09:00  INFO 6124 --- [main] .RepositoryConfigurationExtensionSupport : Spring Data Redis - Could not safely identify store assignment for repository candidate interface com.be16_2nd.SmartFridge.Post.repository.PostImageRepository; If you want this repository to be a Redis repository, consider annotating your entities with one of these annotations: org.springframework.data.redis.core.RedisHash (preferred), or consider extending one of the following types with your repository: org.springframework.data.keyvalue.repository.KeyValueRepository
2025-08-12T20:04:39.440+09:00  INFO 6124 --- [main] .RepositoryConfigurationExtensionSupport : Spring Data Redis - Could not safely identify store assignment for repository candidate interface com.be16_2nd.SmartFridge.Post.repository.PostRepository; If you want this repository to be a Redis repository, consider annotating your entities with one of these annotations: org.springframework.data.redis.core.RedisHash (preferred), or consider extending one of the following types with your repository: org.springframework.data.keyvalue.repository.KeyValueRepository
2025-08-12T20:04:39.440+09:00  INFO 6124 --- [main] .s.d.r.c.RepositoryConfigurationDelegate : Finished Spring Data repository scanning in 12 ms. Found 0 Redis repository interfaces.
2025-08-12T20:04:40.055+09:00  INFO 6124 --- [main] o.s.b.w.embedded.tomcat.TomcatWebServer  : Tomcat initialized with port 8080 (http)
2025-08-12T20:04:40.066+09:00  INFO 6124 --- [main] o.apache.catalina.core.StandardService   : Starting service [Tomcat]
2025-08-12T20:04:40.066+09:00  INFO 6124 --- [main] o.apache.catalina.core.StandardEngine    : Starting Servlet engine: [Apache Tomcat/10.1.42]
2025-08-12T20:04:40.122+09:00  INFO 6124 --- [main] o.a.c.c.C.[Tomcat].[localhost].[/]       : Initializing Spring embedded WebApplicationContext
2025-08-12T20:04:40.122+09:00  INFO 6124 --- [main] w.s.c.ServletWebServerApplicationContext : Root WebApplicationContext: initialization completed in 1660 ms
2025-08-12T20:04:40.294+09:00  INFO 6124 --- [main] o.hibernate.jpa.internal.util.LogHelper  : HHH000204: Processing PersistenceUnitInfo [name: default]
2025-08-12T20:04:40.341+09:00  INFO 6124 --- [main] org.hibernate.Version                    : HHH000412: Hibernate ORM core version 6.6.18.Final
2025-08-12T20:04:40.366+09:00  INFO 6124 --- [main] o.h.c.internal.RegionFactoryInitiator    : HHH000026: Second-level cache disabled
2025-08-12T20:04:40.611+09:00  INFO 6124 --- [main] o.s.o.j.p.SpringPersistenceUnitInfo      : No LoadTimeWeaver setup: ignoring JPA class transformer
2025-08-12T20:04:40.636+09:00  INFO 6124 --- [main] com.zaxxer.hikari.HikariDataSource       : HikariPool-1 - Starting...
2025-08-12T20:04:40.708+09:00  INFO 6124 --- [main] com.zaxxer.hikari.pool.HikariPool        : HikariPool-1 - Added connection org.mariadb.jdbc.Connection@12421766
2025-08-12T20:04:40.709+09:00  INFO 6124 --- [main] com.zaxxer.hikari.HikariDataSource       : HikariPool-1 - Start completed.
2025-08-12T20:04:40.733+09:00  WARN 6124 --- [main] org.hibernate.orm.deprecation            : HHH90000025: MariaDBDialect does not need to be specified explicitly using 'hibernate.dialect' (remove the property setting and it will be selected by default)
2025-08-12T20:04:40.749+09:00  INFO 6124 --- [main] org.hibernate.orm.connections.pooling    : HHH10001005: Database info:
	Database JDBC URL [Connecting through datasource 'HikariDataSource (HikariPool-1)']
	Database driver: undefined/unknown
	Database version: 11.8.2
	Autocommit mode: undefined/unknown
	Isolation level: undefined/unknown
	Minimum pool size: undefined/unknown
	Maximum pool size: undefined/unknown
2025-08-12T20:04:41.732+09:00  INFO 6124 --- [main] o.h.e.t.j.p.i.JtaPlatformInitiator       : HHH000489: No JTA platform available (set 'hibernate.transaction.jta.platform' to enable JTA platform integration)
2025-08-12T20:04:41.840+09:00  INFO 6124 --- [main] j.LocalContainerEntityManagerFactoryBean : Initialized JPA EntityManagerFactory for persistence unit 'default'
2025-08-12T20:04:43.050+09:00  WARN 6124 --- [main] JpaBaseConfiguration$JpaWebConfiguration : spring.jpa.open-in-view is enabled by default. Therefore, database queries may be performed during view rendering. Explicitly configure spring.jpa.open-in-view to disable this warning
2025-08-12T20:04:43.086+09:00  WARN 6124 --- [main] .s.s.UserDetailsServiceAutoConfiguration : 

Using generated security password: 4b09a5d0-d2b2-42c4-a467-126ab4ce8b69

This generated password is for development use only. Your security configuration must be updated before running your application in production.

2025-08-12T20:04:43.092+09:00  INFO 6124 --- [main] r$InitializeUserDetailsManagerConfigurer : Global AuthenticationManager configured with UserDetailsService bean with name inMemoryUserDetailsManager
2025-08-12T20:04:43.156+09:00  WARN 6124 --- [main] thorizationManagerRequestMatcherRegistry : One of the patterns in [/member/create, member/doLogin] is missing a leading slash. This is discouraged; please include the leading slash in all your request matcher patterns. In future versions of Spring Security, leaving out the leading slash will result in an exception.
2025-08-12T20:04:43.461+09:00  WARN 6124 --- [main] ion$DefaultTemplateResolverConfiguration : Cannot find template location: classpath:/templates/ (please add some templates, check your Thymeleaf configuration, or set spring.thymeleaf.check-template-location=false)
2025-08-12T20:04:43.793+09:00  INFO 6124 --- [main] o.s.b.w.embedded.tomcat.TomcatWebServer  : Tomcat started on port 8080 (http) with context path '/'
2025-08-12T20:04:44.188+09:00  INFO 6124 --- [main] c.b.SmartFridge.SmartFridgeApplication   : Started SmartFridgeApplication in 6.361 seconds (process running for 6.973)
2025-08-12T20:06:29.469+09:00  INFO 6124 --- [http-nio-8080-exec-7] o.a.c.c.C.[Tomcat].[localhost].[/]       : Initializing Spring DispatcherServlet 'dispatcherServlet'
2025-08-12T20:06:29.469+09:00  INFO 6124 --- [http-nio-8080-exec-7] o.s.web.servlet.DispatcherServlet        : Initializing Servlet 'dispatcherServlet'
2025-08-12T20:06:29.472+09:00  INFO 6124 --- [http-nio-8080-exec-7] o.s.web.servlet.DispatcherServlet        : Completed initialization in 2 ms
2025-08-12T20:06:29.829+09:00  WARN 6124 --- [http-nio-8080-exec-7] ration$PageModule$WarningLoggingModifier : Serializing PageImpl instances as-is is not supported, meaning that there is no guarantee about the stability of the resulting JSON structure!
	For a stable JSON structure, please use Spring Data's PagedModel (globally via @EnableSpringDataWebSupport(pageSerializationMode = VIA_DTO))
	or Spring HATEOAS and Spring Data's PagedResourcesAssembler as documented in https://docs.spring.io/spring-data/commons/reference/repositories/core-extensions.html#core.web.pageables.

2025-08-12T20:16:39.085+09:00  INFO 6124 --- [SpringApplicationShutdownHook] o.s.b.w.e.tomcat.GracefulShutdown        : Commencing graceful shutdown. Waiting for active requests to complete
2025-08-12T20:16:39.272+09:00  INFO 6124 --- [tomcat-shutdown] o.s.b.w.e.tomcat.GracefulShutdown        : Graceful shutdown complete
2025-08-12T20:16:39.603+09:00  INFO 6124 --- [SpringApplicationShutdownHook] j.LocalContainerEntityManagerFactoryBean : Closing JPA EntityManagerFactory for persistence unit 'default'
2025-08-12T20:16:39.606+09:00  INFO 6124 --- [SpringApplicationShutdownHook] com.zaxxer.hikari.HikariDataSource       : HikariPool-1 - Shutdown initiated...
2025-08-12T20:16:39.622+09:00  INFO 6124 --- [SpringApplicationShutdownHook] com.zaxxer.hikari.HikariDataSource       : HikariPool-1 - Shutdown completed.
2025-08-12T20:16:44.995+09:00  INFO 13596 --- [main] c.b.SmartFridge.SmartFridgeApplication   : Starting SmartFridgeApplication using Java 17.0.15 with PID 13596 (C:\Users\Playdata\Desktop\중간프로젝트\be16-2nd-5team-SmartFridge-BE\build\classes\java\main started by Playdata in C:\Users\Playdata\Desktop\중간프로젝트\be16-2nd-5team-SmartFridge-BE)
2025-08-12T20:16:44.998+09:00  INFO 13596 --- [main] c.b.SmartFridge.SmartFridgeApplication   : The following 1 profile is active: "prod"
2025-08-12T20:16:45.861+09:00  INFO 13596 --- [main] .s.d.r.c.RepositoryConfigurationDelegate : Multiple Spring Data modules found, entering strict repository configuration mode
2025-08-12T20:16:45.863+09:00  INFO 13596 --- [main] .s.d.r.c.RepositoryConfigurationDelegate : Bootstrapping Spring Data JDBC repositories in DEFAULT mode.
2025-08-12T20:16:45.905+09:00  INFO 13596 --- [main] .RepositoryConfigurationExtensionSupport : Spring Data JDBC - Could not safely identify store assignment for repository candidate interface com.be16_2nd.SmartFridge.food.repository.FoodRepository; If you want this repository to be a JDBC repository, consider annotating your entities with one of these annotations: org.springframework.data.relational.core.mapping.Table.
2025-08-12T20:16:45.907+09:00  INFO 13596 --- [main] .RepositoryConfigurationExtensionSupport : Spring Data JDBC - Could not safely identify store assignment for repository candidate interface com.be16_2nd.SmartFridge.fridge.repository.FridgeMemberRepository; If you want this repository to be a JDBC repository, consider annotating your entities with one of these annotations: org.springframework.data.relational.core.mapping.Table.
2025-08-12T20:16:45.908+09:00  INFO 13596 --- [main] .RepositoryConfigurationExtensionSupport : Spring Data JDBC - Could not safely identify store assignment for repository candidate interface com.be16_2nd.SmartFridge.fridge.repository.FridgeRepository; If you want this repository to be a JDBC repository, consider annotating your entities with one of these annotations: org.springframework.data.relational.core.mapping.Table.
2025-08-12T20:16:45.909+09:00  INFO 13596 --- [main] .RepositoryConfigurationExtensionSupport : Spring Data JDBC - Could not safely identify store assignment for repository candidate interface com.be16_2nd.SmartFridge.inquiryComment.repository.InquiryCommentRepository; If you want this repository to be a JDBC repository, consider annotating your entities with one of these annotations: org.springframework.data.relational.core.mapping.Table.
2025-08-12T20:16:45.911+09:00  INFO 13596 --- [main] .RepositoryConfigurationExtensionSupport : Spring Data JDBC - Could not safely identify store assignment for repository candidate interface com.be16_2nd.SmartFridge.inquiry.repository.InquiryRepository; If you want this repository to be a JDBC repository, consider annotating your entities with one of these annotations: org.springframework.data.relational.core.mapping.Table.
2025-08-12T20:16:45.913+09:00  INFO 13596 --- [main] .RepositoryConfigurationExtensionSupport : Spring Data JDBC - Could not safely identify store assignment for repository candidate interface com.be16_2nd.SmartFridge.member.repository.MemberRepository; If you want this repository to be a JDBC repository, consider annotating your entities with one of these annotations: org.springframework.data.relational.core.mapping.Table.
2025-08-12T20:16:45.914+09:00  INFO 13596 --- [main] .RepositoryConfigurationExtensionSupport : Spring Data JDBC - Could not safely identify store assignment for repository candidate interface com.be16_2nd.SmartFridge.notification.repository.NotificationRepository; If you want this repository to be a JDBC repository, consider annotating your entities with one of these annotations: org.springframework.data.relational.core.mapping.Table.
2025-08-12T20:16:45.916+09:00  INFO 13596 --- [main] .RepositoryConfigurationExtensionSupport : Spring Data JDBC - Could not safely identify store assignment for repository candidate interface com.be16_2nd.SmartFridge.Post.repository.PostCategoryRepository; If you want this repository to be a JDBC repository, consider annotating your entities with one of these annotations: org.springframework.data.relational.core.mapping.Table.
2025-08-12T20:16:45.917+09:00  INFO 13596 --- [main] .RepositoryConfigurationExtensionSupport : Spring Data JDBC - Could not safely identify store assignment for repository candidate interface com.be16_2nd.SmartFridge.Post.repository.PostCommentRepository; If you want this repository to be a JDBC repository, consider annotating your entities with one of these annotations: org.springframework.data.relational.core.mapping.Table.
2025-08-12T20:16:45.919+09:00  INFO 13596 --- [main] .RepositoryConfigurationExtensionSupport : Spring Data JDBC - Could not safely identify store assignment for repository candidate interface com.be16_2nd.SmartFridge.Post.repository.PostImageRepository; If you want this repository to be a JDBC repository, consider annotating your entities with one of these annotations: org.springframework.data.relational.core.mapping.Table.
2025-08-12T20:16:45.921+09:00  INFO 13596 --- [main] .RepositoryConfigurationExtensionSupport : Spring Data JDBC - Could not safely identify store assignment for repository candidate interface com.be16_2nd.SmartFridge.Post.repository.PostRepository; If you want this repository to be a JDBC repository, consider annotating your entities with one of these annotations: org.springframework.data.relational.core.mapping.Table.
2025-08-12T20:16:45.922+09:00  INFO 13596 --- [main] .s.d.r.c.RepositoryConfigurationDelegate : Finished Spring Data repository scanning in 54 ms. Found 0 JDBC repository interfaces.
2025-08-12T20:16:45.932+09:00  INFO 13596 --- [main] .s.d.r.c.RepositoryConfigurationDelegate : Multiple Spring Data modules found, entering strict repository configuration mode
2025-08-12T20:16:45.933+09:00  INFO 13596 --- [main] .s.d.r.c.RepositoryConfigurationDelegate : Bootstrapping Spring Data JPA repositories in DEFAULT mode.
2025-08-12T20:16:46.085+09:00  INFO 13596 --- [main] .s.d.r.c.RepositoryConfigurationDelegate : Finished Spring Data repository scanning in 145 ms. Found 11 JPA repository interfaces.
2025-08-12T20:16:46.130+09:00  INFO 13596 --- [main] .s.d.r.c.RepositoryConfigurationDelegate : Multiple Spring Data modules found, entering strict repository configuration mode
2025-08-12T20:16:46.131+09:00  INFO 13596 --- [main] .s.d.r.c.RepositoryConfigurationDelegate : Bootstrapping Spring Data Redis repositories in DEFAULT mode.
2025-08-12T20:16:46.156+09:00  INFO 13596 --- [main] .RepositoryConfigurationExtensionSupport : Spring Data Redis - Could not safely identify store assignment for repository candidate interface com.be16_2nd.SmartFridge.food.repository.FoodRepository; If you want this repository to be a Redis repository, consider annotating your entities with one of these annotations: org.springframework.data.redis.core.RedisHash (preferred), or consider extending one of the following types with your repository: org.springframework.data.keyvalue.repository.KeyValueRepository
2025-08-12T20:16:46.156+09:00  INFO 13596 --- [main] .RepositoryConfigurationExtensionSupport : Spring Data Redis - Could not safely identify store assignment for repository candidate interface com.be16_2nd.SmartFridge.fridge.repository.FridgeMemberRepository; If you want this repository to be a Redis repository, consider annotating your entities with one of these annotations: org.springframework.data.redis.core.RedisHash (preferred), or consider extending one of the following types with your repository: org.springframework.data.keyvalue.repository.KeyValueRepository
2025-08-12T20:16:46.156+09:00  INFO 13596 --- [main] .RepositoryConfigurationExtensionSupport : Spring Data Redis - Could not safely identify store assignment for repository candidate interface com.be16_2nd.SmartFridge.fridge.repository.FridgeRepository; If you want this repository to be a Redis repository, consider annotating your entities with one of these annotations: org.springframework.data.redis.core.RedisHash (preferred), or consider extending one of the following types with your repository: org.springframework.data.keyvalue.repository.KeyValueRepository
2025-08-12T20:16:46.156+09:00  INFO 13596 --- [main] .RepositoryConfigurationExtensionSupport : Spring Data Redis - Could not safely identify store assignment for repository candidate interface com.be16_2nd.SmartFridge.inquiryComment.repository.InquiryCommentRepository; If you want this repository to be a Redis repository, consider annotating your entities with one of these annotations: org.springframework.data.redis.core.RedisHash (preferred), or consider extending one of the following types with your repository: org.springframework.data.keyvalue.repository.KeyValueRepository
2025-08-12T20:16:46.157+09:00  INFO 13596 --- [main] .RepositoryConfigurationExtensionSupport : Spring Data Redis - Could not safely identify store assignment for repository candidate interface com.be16_2nd.SmartFridge.inquiry.repository.InquiryRepository; If you want this repository to be a Redis repository, consider annotating your entities with one of these annotations: org.springframework.data.redis.core.RedisHash (preferred), or consider extending one of the following types with your repository: org.springframework.data.keyvalue.repository.KeyValueRepository
2025-08-12T20:16:46.157+09:00  INFO 13596 --- [main] .RepositoryConfigurationExtensionSupport : Spring Data Redis - Could not safely identify store assignment for repository candidate interface com.be16_2nd.SmartFridge.member.repository.MemberRepository; If you want this repository to be a Redis repository, consider annotating your entities with one of these annotations: org.springframework.data.redis.core.RedisHash (preferred), or consider extending one of the following types with your repository: org.springframework.data.keyvalue.repository.KeyValueRepository
2025-08-12T20:16:46.157+09:00  INFO 13596 --- [main] .RepositoryConfigurationExtensionSupport : Spring Data Redis - Could not safely identify store assignment for repository candidate interface com.be16_2nd.SmartFridge.notification.repository.NotificationRepository; If you want this repository to be a Redis repository, consider annotating your entities with one of these annotations: org.springframework.data.redis.core.RedisHash (preferred), or consider extending one of the following types with your repository: org.springframework.data.keyvalue.repository.KeyValueRepository
2025-08-12T20:16:46.157+09:00  INFO 13596 --- [main] .RepositoryConfigurationExtensionSupport : Spring Data Redis - Could not safely identify store assignment for repository candidate interface com.be16_2nd.SmartFridge.Post.repository.PostCategoryRepository; If you want this repository to be a Redis repository, consider annotating your entities with one of these annotations: org.springframework.data.redis.core.RedisHash (preferred), or consider extending one of the following types with your repository: org.springframework.data.keyvalue.repository.KeyValueRepository
2025-08-12T20:16:46.157+09:00  INFO 13596 --- [main] .RepositoryConfigurationExtensionSupport : Spring Data Redis - Could not safely identify store assignment for repository candidate interface com.be16_2nd.SmartFridge.Post.repository.PostCommentRepository; If you want this repository to be a Redis repository, consider annotating your entities with one of these annotations: org.springframework.data.redis.core.RedisHash (preferred), or consider extending one of the following types with your repository: org.springframework.data.keyvalue.repository.KeyValueRepository
2025-08-12T20:16:46.157+09:00  INFO 13596 --- [main] .RepositoryConfigurationExtensionSupport : Spring Data Redis - Could not safely identify store assignment for repository candidate interface com.be16_2nd.SmartFridge.Post.repository.PostImageRepository; If you want this repository to be a Redis repository, consider annotating your entities with one of these annotations: org.springframework.data.redis.core.RedisHash (preferred), or consider extending one of the following types with your repository: org.springframework.data.keyvalue.repository.KeyValueRepository
2025-08-12T20:16:46.158+09:00  INFO 13596 --- [main] .RepositoryConfigurationExtensionSupport : Spring Data Redis - Could not safely identify store assignment for repository candidate interface com.be16_2nd.SmartFridge.Post.repository.PostRepository; If you want this repository to be a Redis repository, consider annotating your entities with one of these annotations: org.springframework.data.redis.core.RedisHash (preferred), or consider extending one of the following types with your repository: org.springframework.data.keyvalue.repository.KeyValueRepository
2025-08-12T20:16:46.158+09:00  INFO 13596 --- [main] .s.d.r.c.RepositoryConfigurationDelegate : Finished Spring Data repository scanning in 17 ms. Found 0 Redis repository interfaces.
2025-08-12T20:16:46.719+09:00  INFO 13596 --- [main] o.s.b.w.embedded.tomcat.TomcatWebServer  : Tomcat initialized with port 8080 (http)
2025-08-12T20:16:46.730+09:00  INFO 13596 --- [main] o.apache.catalina.core.StandardService   : Starting service [Tomcat]
2025-08-12T20:16:46.730+09:00  INFO 13596 --- [main] o.apache.catalina.core.StandardEngine    : Starting Servlet engine: [Apache Tomcat/10.1.42]
2025-08-12T20:16:46.779+09:00  INFO 13596 --- [main] o.a.c.c.C.[Tomcat].[localhost].[/]       : Initializing Spring embedded WebApplicationContext
2025-08-12T20:16:46.779+09:00  INFO 13596 --- [main] w.s.c.ServletWebServerApplicationContext : Root WebApplicationContext: initialization completed in 1735 ms
2025-08-12T20:16:46.941+09:00  INFO 13596 --- [main] o.hibernate.jpa.internal.util.LogHelper  : HHH000204: Processing PersistenceUnitInfo [name: default]
2025-08-12T20:16:46.991+09:00  INFO 13596 --- [main] org.hibernate.Version                    : HHH000412: Hibernate ORM core version 6.6.18.Final
2025-08-12T20:16:47.019+09:00  INFO 13596 --- [main] o.h.c.internal.RegionFactoryInitiator    : HHH000026: Second-level cache disabled
2025-08-12T20:16:47.255+09:00  INFO 13596 --- [main] o.s.o.j.p.SpringPersistenceUnitInfo      : No LoadTimeWeaver setup: ignoring JPA class transformer
2025-08-12T20:16:47.280+09:00  INFO 13596 --- [main] com.zaxxer.hikari.HikariDataSource       : HikariPool-1 - Starting...
2025-08-12T20:16:47.349+09:00  INFO 13596 --- [main] com.zaxxer.hikari.pool.HikariPool        : HikariPool-1 - Added connection org.mariadb.jdbc.Connection@63d0e8d
2025-08-12T20:16:47.351+09:00  INFO 13596 --- [main] com.zaxxer.hikari.HikariDataSource       : HikariPool-1 - Start completed.
2025-08-12T20:16:47.375+09:00  WARN 13596 --- [main] org.hibernate.orm.deprecation            : HHH90000025: MariaDBDialect does not need to be specified explicitly using 'hibernate.dialect' (remove the property setting and it will be selected by default)
2025-08-12T20:16:47.391+09:00  INFO 13596 --- [main] org.hibernate.orm.connections.pooling    : HHH10001005: Database info:
	Database JDBC URL [Connecting through datasource 'HikariDataSource (HikariPool-1)']
	Database driver: undefined/unknown
	Database version: 11.8.2
	Autocommit mode: undefined/unknown
	Isolation level: undefined/unknown
	Minimum pool size: undefined/unknown
	Maximum pool size: undefined/unknown
2025-08-12T20:16:48.338+09:00  INFO 13596 --- [main] o.h.e.t.j.p.i.JtaPlatformInitiator       : HHH000489: No JTA platform available (set 'hibernate.transaction.jta.platform' to enable JTA platform integration)
2025-08-12T20:16:48.454+09:00  INFO 13596 --- [main] j.LocalContainerEntityManagerFactoryBean : Initialized JPA EntityManagerFactory for persistence unit 'default'
2025-08-12T20:16:49.628+09:00  WARN 13596 --- [main] JpaBaseConfiguration$JpaWebConfiguration : spring.jpa.open-in-view is enabled by default. Therefore, database queries may be performed during view rendering. Explicitly configure spring.jpa.open-in-view to disable this warning
2025-08-12T20:16:49.658+09:00  WARN 13596 --- [main] .s.s.UserDetailsServiceAutoConfiguration : 

Using generated security password: cf59b1f2-23db-47e4-8be6-8547571a72fa

This generated password is for development use only. Your security configuration must be updated before running your application in production.

2025-08-12T20:16:49.666+09:00  INFO 13596 --- [main] r$InitializeUserDetailsManagerConfigurer : Global AuthenticationManager configured with UserDetailsService bean with name inMemoryUserDetailsManager
2025-08-12T20:16:49.717+09:00  WARN 13596 --- [main] thorizationManagerRequestMatcherRegistry : One of the patterns in [/member/create, member/doLogin] is missing a leading slash. This is discouraged; please include the leading slash in all your request matcher patterns. In future versions of Spring Security, leaving out the leading slash will result in an exception.
2025-08-12T20:16:50.000+09:00  WARN 13596 --- [main] ion$DefaultTemplateResolverConfiguration : Cannot find template location: classpath:/templates/ (please add some templates, check your Thymeleaf configuration, or set spring.thymeleaf.check-template-location=false)
2025-08-12T20:16:50.290+09:00  INFO 13596 --- [main] o.s.b.w.embedded.tomcat.TomcatWebServer  : Tomcat started on port 8080 (http) with context path '/'
2025-08-12T20:16:50.722+09:00  INFO 13596 --- [main] c.b.SmartFridge.SmartFridgeApplication   : Started SmartFridgeApplication in 6.324 seconds (process running for 6.951)
2025-08-12T20:16:54.047+09:00  INFO 13596 --- [http-nio-8080-exec-5] o.a.c.c.C.[Tomcat].[localhost].[/]       : Initializing Spring DispatcherServlet 'dispatcherServlet'
2025-08-12T20:16:54.048+09:00  INFO 13596 --- [http-nio-8080-exec-5] o.s.web.servlet.DispatcherServlet        : Initializing Servlet 'dispatcherServlet'
2025-08-12T20:16:54.049+09:00  INFO 13596 --- [http-nio-8080-exec-5] o.s.web.servlet.DispatcherServlet        : Completed initialization in 1 ms
2025-08-12T20:16:54.281+09:00  WARN 13596 --- [http-nio-8080-exec-5] ration$PageModule$WarningLoggingModifier : Serializing PageImpl instances as-is is not supported, meaning that there is no guarantee about the stability of the resulting JSON structure!
	For a stable JSON structure, please use Spring Data's PagedModel (globally via @EnableSpringDataWebSupport(pageSerializationMode = VIA_DTO))
	or Spring HATEOAS and Spring Data's PagedResourcesAssembler as documented in https://docs.spring.io/spring-data/commons/reference/repositories/core-extensions.html#core.web.pageables.

2025-08-12T20:22:31.750+09:00 ERROR 13596 --- [http-nio-8080-exec-6] c.b.S.c.service.CommonExceptionHandler   : 이 냉장고에 대한 접근 권한이 없습니다.
2025-08-12T20:27:35.752+09:00  INFO 13596 --- [SpringApplicationShutdownHook] o.s.b.w.e.tomcat.GracefulShutdown        : Commencing graceful shutdown. Waiting for active requests to complete
2025-08-12T20:27:35.930+09:00  INFO 13596 --- [tomcat-shutdown] o.s.b.w.e.tomcat.GracefulShutdown        : Graceful shutdown complete
2025-08-12T20:27:36.181+09:00  INFO 13596 --- [SpringApplicationShutdownHook] j.LocalContainerEntityManagerFactoryBean : Closing JPA EntityManagerFactory for persistence unit 'default'
2025-08-12T20:27:36.183+09:00  INFO 13596 --- [SpringApplicationShutdownHook] com.zaxxer.hikari.HikariDataSource       : HikariPool-1 - Shutdown initiated...
2025-08-12T20:27:36.187+09:00  INFO 13596 --- [SpringApplicationShutdownHook] com.zaxxer.hikari.HikariDataSource       : HikariPool-1 - Shutdown completed.
